date,equity
2010-01-04,100000.000000
2010-01-05,100000.000000
2010-01-06,100000.000000
2010-01-07,100000.000000
2010-01-08,100000.000000
2010-01-11,100000.000000
2010-01-12,100000.000000
2010-01-13,100000.000000
2010-01-14,100000.000000
2010-01-15,100000.000000
2010-01-19,100000.000000
2010-01-20,100000.000000
2010-01-21,100000.000000
2010-01-22,100000.000000
2010-01-25,100000.000000
2010-01-26,100000.000000
2010-01-27,100000.000000
2010-01-28,100000.000000
2010-01-29,100000.000000
2010-02-01,99959.403516
2010-02-02,101175.736353
2010-02-03,100184.629550
2010-02-04,96695.246447
2010-02-05,97354.352879
2010-02-08,96180.036115
2010-02-09,97667.323750
2010-02-10,97684.297158
2010-02-11,98866.355673
2010-02-12,98836.097308
2010-02-16,101239.588834
2010-02-17,101603.783435
2010-02-18,102597.022118
2010-02-19,102685.480488
2010-02-22,102987.271115
2010-02-23,101581.291508
2010-02-24,102457.029025
2010-02-25,102292.982286
2010-02-26,102579.776279
2010-03-01,104192.445480
2010-03-02,104926.967549
2010-03-03,104776.887521
2010-03-04,104734.630479
2010-03-05,106450.409932
2010-03-08,106409.793051
2010-03-09,106341.427706
2010-03-10,107084.515658
2010-03-11,107730.227060
2010-03-12,107594.775317
2010-03-15,107360.685105
2010-03-16,108725.222961
2010-03-17,109784.350206
2010-03-18,109621.697541
2010-03-19,108467.660196
2010-03-22,109850.671075
2010-03-23,110601.762202
2010-03-24,109805.133707
2010-03-25,109258.112570
2010-03-26,109280.128717
2010-03-29,110401.297405
2010-03-30,110408.382572
2010-03-31,110051.274132
2010-04-01,111241.716778
2010-04-05,112887.685570
2010-04-06,113445.442945
2010-04-07,112596.738802
2010-04-08,113416.065894
2010-04-09,114539.909229
2010-04-12,114609.416540
2010-04-13,114819.553246
2010-04-14,116621.325275
2010-04-15,116576.311072
2010-04-16,114609.725807
2010-04-19,114409.845022
2010-04-20,115913.334416
2010-04-21,116203.928355
2010-04-22,118280.128421
2010-04-23,119832.214277
2010-04-26,119997.969548
2010-04-27,116706.132012
2010-04-28,117839.617825
2010-04-29,120138.928769
2010-04-30,116899.397385
2010-05-03,119301.427555
2010-05-04,115751.953251
2010-05-05,114261.552638
2010-05-06,110212.408554
2010-05-07,107177.463943
2010-05-10,114690.536590
2010-05-11,114577.870098
2010-05-12,117263.742425
2010-05-13,115349.462086
2010-05-14,111998.306340
2010-05-17,111938.353899
2010-05-18,109521.858805
2010-05-19,108214.108349
2010-05-20,103398.422603
2010-05-21,106316.981217
2010-05-24,104604.447441
2010-05-25,104965.669202
2010-05-26,105124.050875
2010-05-27,109679.857631
2010-05-28,107994.226278
2010-06-01,105553.022501
2010-06-02,108639.259243
2010-06-03,109296.399174
2010-06-04,104143.664868
2010-06-07,101666.455629
2010-06-08,102988.935888
2010-06-09,103401.290181
2010-06-10,107162.951151
2010-06-11,108131.011507
2010-06-14,108344.874605
2010-06-15,111334.378666
2010-06-16,111145.972354
2010-06-17,111033.072647
2010-06-18,111069.184281
2010-06-21,110853.261167
2010-06-22,108269.888513
2010-06-23,108820.348627
2010-06-24,106822.146688
2010-06-25,108365.710985
2010-06-28,107143.600163
2010-06-29,102324.086772
2010-06-30,101184.225169
2010-07-01,100816.332782
2010-07-02,99710.316662
2010-07-06,99705.185797
2010-07-07,103853.237936
2010-07-08,104402.444168
2010-07-09,105765.544694
2010-07-12,105441.279316
2010-07-13,107636.401304
2010-07-14,107718.659575
2010-07-15,107268.458888
2010-07-16,103820.309828
2010-07-19,104262.008430
2010-07-20,105116.102592
2010-07-21,103963.297152
2010-07-22,106479.523947
2010-07-23,108018.333863
2010-07-26,109459.382999
2010-07-27,108528.928127
2010-07-28,107708.292477
2010-07-29,107325.255776
2010-07-30,107422.388118
2010-08-02,109656.670238
2010-08-03,109182.232508
2010-08-04,109908.663517
2010-08-05,109396.114375
2010-08-06,108983.943582
2010-08-09,109625.348659
2010-08-10,108984.751293
2010-08-11,105960.825873
2010-08-12,105497.218526
2010-08-13,105253.373218
2010-08-16,105300.095979
2010-08-17,106844.436974
2010-08-18,107131.829005
2010-08-19,105752.767490
2010-08-20,106528.767688
2010-08-23,105534.769486
2010-08-24,103897.142319
2010-08-25,104471.407434
2010-08-26,103804.051396
2010-08-27,105569.523424
2010-08-30,103707.623585
2010-08-31,104060.337211
2010-09-01,107041.960428
2010-09-02,108686.969147
2010-09-03,110052.716647
2010-09-07,109021.029285
2010-09-08,110031.329955
2010-09-09,109624.472557
2010-09-10,109853.908224
2010-09-13,111581.500352
2010-09-14,111464.721327
2010-09-15,111921.070739
2010-09-16,111499.267094
2010-09-17,111771.151893
2010-09-20,113982.139407
2010-09-21,112788.292667
2010-09-22,111741.074156
2010-09-23,110295.159605
2010-09-24,112852.547423
2010-09-27,111955.572704
2010-09-28,112610.692659
2010-09-29,112253.107420
2010-09-30,111864.857742
2010-10-01,112084.624857
2010-10-04,111952.986923
2010-10-05,114024.379623
2010-10-06,112702.102454
2010-10-07,112492.351624
2010-10-08,112969.259446
2010-10-11,112710.765387
2010-10-12,113736.917649
2010-10-13,114551.962590
2010-10-14,114379.759539
2010-10-15,114529.752929
2010-10-18,114983.633932
2010-10-19,113555.146164
2010-10-20,115031.821325
2010-10-21,114732.022028
2010-10-22,115824.127801
2010-10-25,116118.043043
2010-10-26,115928.324993
2010-10-27,115423.609552
2010-10-28,115223.072999
2010-10-29,115406.776696
2010-11-01,115735.313269
2010-11-02,116853.751554
2010-11-03,117059.316380
2010-11-04,119449.760934
2010-11-05,119947.258497
2010-11-08,120198.309447
2010-11-09,118931.043869
2010-11-10,119671.918069
2010-11-11,119779.579878
2010-11-12,118217.822292
2010-11-15,117897.209309
2010-11-16,115667.683394
2010-11-17,116084.504808
2010-11-18,118179.936268
2010-11-19,119054.557041
2010-11-22,119869.304835
2010-11-23,118422.959652
2010-11-24,120468.377688
2010-11-26,120133.429106
2010-11-29,119345.600182
2010-11-30,119118.790424
2010-12-01,121465.427368
2010-12-02,122836.970363
2010-12-03,123399.616123
2010-12-06,123373.965420
2010-12-07,123794.515255
2010-12-08,123800.568780
2010-12-09,124162.337152
2010-12-10,124987.172118
2010-12-13,124621.466148
2010-12-14,124287.811662
2010-12-15,123789.383920
2010-12-16,125065.725083
2010-12-17,125176.758459
2010-12-20,125954.324965
2010-12-21,127239.311887
2010-12-22,126903.838366
2010-12-23,126203.335367
2010-12-27,126687.189621
2010-12-28,126328.148234
2010-12-29,126493.375203
2010-12-30,126358.513117
2010-12-31,125960.685428
2011-01-03,127821.491844
2011-01-04,126682.438883
2011-01-05,128125.518354
2011-01-06,127177.180397
2011-01-07,127329.914575
2011-01-10,127615.822243
2011-01-11,127558.856460
2011-01-12,128000.824633
2011-01-13,128109.984589
2011-01-14,128884.840192
2011-01-18,129161.203363
2011-01-19,127413.898875
2011-01-20,125266.863934
2011-01-21,124808.951357
2011-01-24,124959.022536
2011-01-25,124716.112813
2011-01-26,125940.049851
2011-01-27,126829.013078
2011-01-28,124332.158168
2011-01-31,125622.105465
2011-02-01,126885.496083
2011-02-02,126844.400346
2011-02-03,127668.711952
2011-02-04,128117.539074
2011-02-07,128900.107037
2011-02-08,129635.518029
2011-02-09,129593.561920
2011-02-10,129765.919731
2011-02-11,130876.424675
2011-02-14,131474.700627
2011-02-15,130597.032122
2011-02-16,131564.801529
2011-02-17,131166.482773
2011-02-18,130941.844462
2011-02-22,126905.683725
2011-02-23,125409.381850
2011-02-24,126072.405616
2011-02-25,127743.858158
2011-02-28,127617.725744
2011-03-01,125521.399350
2011-03-02,126324.868666
2011-03-03,129067.072289
2011-03-04,128026.030903
2011-03-07,126120.336514
2011-03-08,127324.236125
2011-03-09,126394.412766
2011-03-10,124076.523321
2011-03-11,124850.893301
2011-03-14,124201.267046
2011-03-15,123689.806294
2011-03-16,121802.599596
2011-03-17,123549.958753
2011-03-18,123711.102717
2011-03-21,125638.630880
2011-03-22,124626.782528
2011-03-23,125697.990358
2011-03-24,127661.258886
2011-03-25,128367.936046
2011-03-28,127925.013558
2011-03-29,129311.903469
2011-03-30,130598.762588
2011-03-31,130940.286586
2011-04-01,131576.579090
2011-04-04,131564.332299
2011-04-05,131714.392743
2011-04-06,131013.232877
2011-04-07,130980.396332
2011-04-08,130062.964552
2011-04-11,128817.745714
2011-04-12,126822.773612
2011-04-13,127522.355655
2011-04-14,127422.438309
2011-04-15,127969.591468
2011-04-18,126485.512066
2011-04-19,127581.235702
2011-04-20,130585.627349
2011-04-21,132474.998973
2011-04-25,132023.254805
2011-04-26,133017.691126
2011-04-27,133486.730073
2011-04-28,132603.522948
2011-04-29,132860.344567
2011-05-02,131855.558122
2011-05-03,130302.314475
2011-05-04,128742.701296
2011-05-05,128461.574384
2011-05-06,129121.785332
2011-05-09,130650.215028
2011-05-10,132083.159421
2011-05-11,129242.607744
2011-05-12,129628.664794
2011-05-13,128404.850918
2011-05-16,127431.778936
2011-05-17,126226.289891
2011-05-18,128910.985309
2011-05-19,129266.637216
2011-05-20,127813.800269
2011-05-23,126188.887686
2011-05-24,126355.872018
2011-05-25,127664.197026
2011-05-26,128556.841711
2011-05-27,129120.594434
2011-05-31,130144.622555
2011-06-01,126938.835633
2011-06-02,127606.575074
2011-06-03,126350.081578
2011-06-06,124324.480404
2011-06-07,124727.727324
2011-06-08,123729.261960
2011-06-09,125358.978046
2011-06-10,123281.418476
2011-06-13,122482.952780
2011-06-14,124861.279365
2011-06-15,121971.947017
2011-06-16,121131.137508
2011-06-17,121214.000861
2011-06-20,122622.676640
2011-06-21,125464.548379
2011-06-22,124607.043221
2011-06-23,124805.468123
2011-06-24,123141.627318
2011-06-27,124457.444842
2011-06-28,127143.218063
2011-06-29,128295.152341
2011-06-30,129507.971333
2011-07-01,131362.426185
2011-07-05,131438.345701
2011-07-06,131716.024725
2011-07-07,133230.719137
2011-07-08,132423.822304
2011-07-11,129407.164419
2011-07-12,128317.954036
2011-07-13,128906.747083
2011-07-14,127622.566841
2011-07-15,128924.164506
2011-07-18,127990.246250
2011-07-19,130557.039464
2011-07-20,130012.547900
2011-07-21,131828.875627
2011-07-22,132221.229393
2011-07-25,131426.056455
2011-07-26,130719.210502
2011-07-27,127064.054481
2011-07-28,126480.547913
2011-07-29,126124.275193
2011-08-01,125626.254799
2011-08-02,121858.513399
2011-08-03,121108.387454
2011-08-04,113970.434840
2011-08-05,114056.737916
2011-08-08,105444.475414
2011-08-09,111338.847276
2011-08-10,107942.516548
2011-08-11,113357.978742
2011-08-12,114916.354099
2011-08-15,117290.650499
2011-08-16,115922.017360
2011-08-17,115767.592510
2011-08-18,109238.784265
2011-08-19,107429.236310
2011-08-22,107323.254561
2011-08-23,111873.882082
2011-08-24,113249.250807
2011-08-25,111322.423243
2011-08-26,113891.087295
2011-08-29,117442.471362
2011-08-30,118441.303511
2011-08-31,118920.792537
2011-09-01,117829.358461
2011-09-02,115065.443429
2011-09-06,114761.034856
2011-09-07,118150.426380
2011-09-08,117405.199377
2011-09-09,114065.918001
2011-09-12,114965.772268
2011-09-13,116494.381369
2011-09-14,118016.588512
2011-09-15,119702.822029
2011-09-16,120271.024199
2011-09-19,120186.390899
2011-09-20,119511.287405
2011-09-21,115857.688670
2011-09-22,111492.652118
2011-09-23,111856.798419
2011-09-26,113829.245110
2011-09-27,115076.709088
2011-09-28,112364.399644
2011-09-29,111386.585430
2011-09-30,108582.917731
2011-10-03,105094.518499
2011-10-04,107137.235694
2011-10-05,108761.885583
2011-10-06,111124.929688
2011-10-07,110401.195301
2011-10-10,114185.762219
2011-10-11,114016.028617
2011-10-12,114800.405197
2011-10-13,114890.346417
2011-10-14,116814.092833
2011-10-17,115313.656269
2011-10-18,116625.954618
2011-10-19,115273.857140
2011-10-20,115668.798718
2011-10-21,118071.731491
2011-10-24,120314.971236
2011-10-25,118359.854402
2011-10-26,119734.126899
2011-10-27,122437.640913
2011-10-28,122464.599164
2011-10-31,120414.435631
2011-11-01,117550.109774
2011-11-02,118999.678110
2011-11-03,120601.513961
2011-11-04,120449.771978
2011-11-07,120495.306327
2011-11-08,121468.862043
2011-11-09,118281.462626
2011-11-10,118848.897274
2011-11-11,120921.621617
2011-11-14,119987.617527
2011-11-15,120923.345393
2011-11-16,118750.846319
2011-11-17,117360.301254
2011-11-18,117021.975182
2011-11-21,115663.940977
2011-11-22,115920.912342
2011-11-23,113738.962392
2011-11-25,113355.151175
2011-11-28,116300.607416
2011-11-29,116437.565108
2011-11-30,120291.729167
2011-12-01,120637.036642
2011-12-02,120082.033495
2011-12-05,120612.623975
2011-12-06,120478.779306
2011-12-07,120425.110925
2011-12-08,118519.599474
2011-12-09,120113.659029
2011-12-12,118979.397604
2011-12-13,117583.582818
2011-12-14,116450.637081
2011-12-15,117068.932475
2011-12-16,117238.732054
2011-12-19,116597.281841
2011-12-20,119198.374201
2011-12-21,119753.923588
2011-12-22,119863.829167
2011-12-23,121081.959716
2011-12-27,121399.108468
2011-12-28,120203.309360
2011-12-29,121198.420696
2011-12-30,120397.355796
2012-01-03,120596.437736
2012-01-04,120495.836294
2012-01-05,121149.693795
2012-01-06,120733.086208
2012-01-09,120380.941285
2012-01-10,120805.731234
2012-01-11,120457.411482
2012-01-12,120564.261654
2012-01-13,120671.202216
2012-01-17,121213.644827
2012-01-18,121533.851131
2012-01-19,121036.770984
2012-01-20,120470.686908
2012-01-23,120606.178542
2012-01-24,120370.913527
2012-01-25,121372.986426
2012-01-26,120888.201512
2012-01-27,120623.016638
2012-01-30,120434.283316
2012-01-31,120912.540807
2012-02-01,121625.449720
2012-02-02,121988.948955
2012-02-03,123057.109416
2012-02-06,122579.320942
2012-02-07,122985.279770
2012-02-08,123020.926606
2012-02-09,123192.848564
2012-02-10,123125.750096
2012-02-13,123725.267386
2012-02-14,124056.206099
2012-02-15,123346.145785
2012-02-16,124162.809217
2012-02-17,124542.589748
2012-02-21,124215.130507
2012-02-22,124387.474935
2012-02-23,124819.230515
2012-02-24,125278.232893
2012-02-27,125501.467910
2012-02-28,125725.635901
2012-02-29,125279.956018
2012-03-01,125920.916437
2012-03-02,125637.549460
2012-03-05,125636.430495
2012-03-06,124193.721904
2012-03-07,125202.001672
2012-03-08,126442.092884
2012-03-09,127134.245488
2012-03-12,127453.214194
2012-03-13,128703.151922
2012-03-14,128718.921381
2012-03-15,129092.968906
2012-03-16,128849.845768
2012-03-19,129227.877483
2012-03-20,129236.086383
2012-03-21,129240.348203
2012-03-22,129078.493967
2012-03-23,129168.227285
2012-03-26,130661.716361
2012-03-27,130817.007246
2012-03-28,130288.037632
2012-03-29,130082.970288
2012-03-30,130143.015214
2012-04-02,131012.196928
2012-04-03,131332.547647
2012-04-04,130421.023649
2012-04-05,131267.466251
2012-04-09,130321.574476
2012-04-10,127428.134451
2012-04-11,128991.979794
2012-04-12,130488.412568
2012-04-13,130391.468022
2012-04-16,129414.957298
2012-04-17,130726.175694
2012-04-18,130836.870353
2012-04-19,129528.270395
2012-04-20,130308.840179
2012-04-23,128695.030030
2012-04-24,127976.127106
2012-04-25,130786.513869
2012-04-26,131963.204578
2012-04-27,133046.233999
2012-04-30,132163.198075
2012-05-01,132641.738263
2012-05-02,133436.939332
2012-05-03,131914.975881
2012-05-04,129843.941421
2012-05-07,130010.194060
2012-05-08,128864.388666
2012-05-09,128409.520357
2012-05-10,128054.001464
2012-05-11,127869.477368
2012-05-14,126030.282765
2012-05-15,126104.690851
2012-05-16,125980.311648
2012-05-17,122720.764493
2012-05-18,121731.436463
2012-05-21,123787.506296
2012-05-22,124523.788248
2012-05-23,125669.341069
2012-05-24,125918.591053
2012-05-25,125590.785278
2012-05-29,127269.112555
2012-05-30,125428.721193
2012-05-31,125285.709396
2012-06-01,120889.501900
2012-06-04,121198.616466
2012-06-05,121568.121016
2012-06-06,124332.190218
2012-06-07,124336.254100
2012-06-08,125422.462121
2012-06-11,123381.258084
2012-06-12,124605.078418
2012-06-13,123334.177672
2012-06-14,125023.592188
2012-06-15,126344.768936
2012-06-18,127948.577777
2012-06-19,129040.020805
2012-06-20,128667.030905
2012-06-21,125746.303596
2012-06-22,127159.723345
2012-06-25,125454.146587
2012-06-26,126775.393108
2012-06-27,126735.351696
2012-06-28,125819.177306
2012-06-29,129456.821383
2012-07-02,130052.005222
2012-07-03,130377.871953
2012-07-05,131127.504631
2012-07-06,130122.320420
2012-07-09,129528.361771
2012-07-10,128144.023303
2012-07-11,127520.160263
2012-07-12,127945.479575
2012-07-13,129869.738806
2012-07-16,129560.599856
2012-07-17,130343.598196
2012-07-18,130943.068954
2012-07-19,131939.231494
2012-07-20,129489.863407
2012-07-23,128105.872138
2012-07-24,126739.333234
2012-07-25,126332.297479
2012-07-26,128964.305670
2012-07-27,130327.831049
2012-07-30,129806.962030
2012-07-31,128395.683773
2012-08-01,127419.945959
2012-08-02,127446.035734
2012-08-03,129981.486753
2012-08-06,129875.007578
2012-08-07,131197.004127
2012-08-08,131219.824225
2012-08-09,130915.118061
2012-08-10,130694.942695
2012-08-13,130670.469778
2012-08-14,131148.685075
2012-08-15,131883.441752
2012-08-16,133275.000547
2012-08-17,133699.465623
2012-08-20,133099.006082
2012-08-21,132427.011395
2012-08-22,133429.900704
2012-08-23,132405.696681
2012-08-24,133116.790438
2012-08-27,132954.732157
2012-08-28,132898.531907
2012-08-29,133230.955825
2012-08-30,132251.382746
2012-08-31,132991.625261
2012-09-04,133202.901368
2012-09-05,132990.224435
2012-09-06,135325.474319
2012-09-07,134834.276506
2012-09-10,133652.952825
2012-09-11,133871.472837
2012-09-12,133885.385579
2012-09-13,136062.161143
2012-09-14,136167.254932
2012-09-17,135627.091253
2012-09-18,135132.754086
2012-09-19,135929.923790
2012-09-20,136503.852499
2012-09-21,137094.949142
2012-09-24,136790.024313
2012-09-25,135846.428554
2012-09-26,134645.485351
2012-09-27,136132.651472
2012-09-28,135436.883094
2012-10-01,135617.846285
2012-10-02,136106.168550
2012-10-03,137656.872693
2012-10-04,138213.538671
2012-10-05,138398.406229
2012-10-08,137812.723500
2012-10-09,134561.957829
2012-10-10,134000.562644
2012-10-11,133449.413063
2012-10-12,133072.006950
2012-10-15,134692.006157
2012-10-16,135890.429222
2012-10-17,136972.679502
2012-10-18,137340.598525
2012-10-19,135568.357194
2012-10-22,135549.804869
2012-10-23,134361.807250
2012-10-24,134764.811071
2012-10-25,134112.729535
2012-10-26,133473.972378
2012-10-31,133444.554466
2012-11-01,135161.192759
2012-11-02,133247.124268
2012-11-05,134518.653662
2012-11-06,135631.436897
2012-11-07,133569.867827
2012-11-08,131783.986112
2012-11-09,131185.178515
2012-11-12,131079.881709
2012-11-13,131092.272435
2012-11-14,128626.029922
2012-11-15,128532.409888
2012-11-16,130341.557152
2012-11-19,132828.955416
2012-11-20,133939.241623
2012-11-21,134756.680786
2012-11-23,136324.471936
2012-11-26,136178.647404
2012-11-27,135437.786240
2012-11-28,136011.799868
2012-11-29,136646.564840
2012-11-30,136984.434871
2012-12-03,136224.877232
2012-12-04,136042.722679
2012-12-05,135948.330697
2012-12-06,136478.305405
2012-12-07,136908.817359
2012-12-10,137051.590774
2012-12-11,137905.614008
2012-12-12,138282.405975
2012-12-13,137254.317277
2012-12-14,137076.965263
2012-12-17,139572.235719
2012-12-18,141268.366857
2012-12-19,140232.560778
2012-12-20,141279.072191
2012-12-21,139770.521653
2012-12-24,139784.037015
2012-12-26,139122.234428
2012-12-27,139130.336723
2012-12-28,137907.263946
2012-12-31,140509.805993
2013-01-02,144276.456944
2013-01-03,143428.618456
2013-01-04,144300.201623
2013-01-07,143908.910557
2013-01-08,144298.584588
2013-01-09,145010.730677
2013-01-10,145041.868551
2013-01-11,145094.857018
2013-01-14,145150.283922
2013-01-15,145547.886566
2013-01-16,145728.510307
2013-01-17,147484.247291
2013-01-18,147681.721189
2013-01-22,148035.638207
2013-01-23,148462.265976
2013-01-24,149016.867872
2013-01-25,150172.033628
2013-01-28,148940.633816
2013-01-29,150770.709722
2013-01-30,150218.512965
2013-01-31,149550.663025
2013-02-01,150798.765948
2013-02-04,148994.758200
2013-02-05,150200.470891
2013-02-06,150066.783701
2013-02-07,149086.599184
2013-02-08,149931.065571
2013-02-11,149088.810398
2013-02-12,149994.301472
2013-02-13,150562.343169
2013-02-14,150486.147848
2013-02-15,152350.883856
2013-02-19,152550.022288
2013-02-20,149343.190320
2013-02-21,148984.373708
2013-02-22,150731.302025
2013-02-25,147993.122368
2013-02-26,150005.976355
2013-02-27,152055.967717
2013-02-28,152047.239096
2013-03-01,152817.144368
2013-03-04,154839.378970
2013-03-05,156488.152157
2013-03-06,156455.200922
2013-03-07,156397.214586
2013-03-08,157129.332774
2013-03-11,157168.860219
2013-03-12,157081.846792
2013-03-13,156963.752344
2013-03-14,158024.245696
2013-03-15,157402.407205
2013-03-18,157313.162387
2013-03-19,157348.725210
2013-03-20,159725.096344
2013-03-21,157647.444572
2013-03-22,158178.047687
2013-03-25,157172.745802
2013-03-26,157723.565203
2013-03-27,158102.818053
2013-03-28,158973.001009
2013-04-01,157605.995837
2013-04-02,156960.528544
2013-04-03,153853.819352
2013-04-04,154746.233505
2013-04-05,154639.907356
2013-04-08,156211.419211
2013-04-09,156897.996091
2013-04-10,160216.921068
2013-04-11,160670.796492
2013-04-12,159773.130723
2013-04-15,154534.693504
2013-04-16,157700.598122
2013-04-17,154925.554314
2013-04-18,152873.999202
2013-04-19,155165.965521
2013-04-22,156224.644576
2013-04-23,159169.342895
2013-04-24,160590.912578
2013-04-25,161060.372438
2013-04-26,160479.235896
2013-04-29,161720.777717
2013-04-30,161490.359721
2013-05-01,158211.561369
2013-05-02,160868.568221
2013-05-03,163899.827543
2013-05-06,165905.395829
2013-05-07,166777.078094
2013-05-08,167151.551901
2013-05-09,166548.894192
2013-05-10,167755.401512
2013-05-13,167807.480887
2013-05-14,171054.316927
2013-05-15,172610.685669
2013-05-16,171627.927775
2013-05-17,174779.118149
2013-05-20,175357.587828
2013-05-21,175754.055138
2013-05-22,173289.510062
2013-05-23,173513.864083
2013-05-24,173462.381878
2013-05-28,175063.782554
2013-05-29,174322.151562
2013-05-30,175621.842754
2013-05-31,173747.093949
2013-06-03,172998.845668
2013-06-04,171341.751225
2013-06-05,168462.874073
2013-06-06,171702.483142
2013-06-07,174514.489677
2013-06-10,174659.517205
2013-06-11,171846.835526
2013-06-12,169214.014229
2013-06-13,172187.520497
2013-06-14,170742.465230
2013-06-17,172105.028822
2013-06-18,173991.861321
2013-06-19,171561.047424
2013-06-20,166146.134155
2013-06-21,165269.578543
2013-06-24,162415.025446
2013-06-25,165252.635507
2013-06-26,166984.684512
2013-06-27,168957.429546
2013-06-28,167814.834891
2013-07-01,169352.757457
2013-07-02,168786.466960
2013-07-03,168430.450905
2013-07-05,170082.955066
2013-07-08,170289.601063
2013-07-09,171561.716616
2013-07-10,171229.171378
2013-07-11,174087.031567
2013-07-12,175716.478901
2013-07-15,176380.352500
2013-07-16,174755.146595
2013-07-17,175640.346630
2013-07-18,176829.126493
2013-07-19,178163.467659
2013-07-22,179380.113163
2013-07-23,178841.834082
2013-07-24,178140.185932
2013-07-25,178541.112432
2013-07-26,178366.667821
2013-07-29,177309.278465
2013-07-30,178144.430835
2013-07-31,179298.252312
2013-08-01,181956.265538
2013-08-02,181434.598752
2013-08-05,181538.941199
2013-08-06,180010.081652
2013-08-07,177975.772880
2013-08-08,179022.233229
2013-08-09,178750.826500
2013-08-12,178152.500288
2013-08-13,179279.554428
2013-08-14,178588.116737
2013-08-15,175154.189332
2013-08-16,175185.778874
2013-08-19,173939.040675
2013-08-20,175967.458557
2013-08-21,175347.019780
2013-08-22,177471.862167
2013-08-23,177687.453572
2013-08-26,177150.560899
2013-08-27,172391.531470
2013-08-28,173075.985059
2013-08-29,174229.690281
2013-08-30,173073.713540
2013-09-03,175296.275808
2013-09-04,177466.736687
2013-09-05,178685.310310
2013-09-06,177762.301658
2013-09-09,179882.282716
2013-09-10,182395.614819
2013-09-11,182793.479599
2013-09-12,181779.556141
2013-09-13,182700.850104
2013-09-16,184045.208549
2013-09-17,184871.880497
2013-09-18,185742.615610
2013-09-19,185166.623981
2013-09-20,183970.589252
2013-09-23,182517.214212
2013-09-24,183514.790824
2013-09-25,183757.163402
2013-09-26,184620.358080
2013-09-27,184054.256717
2013-09-30,184208.410516
2013-10-01,186194.950233
2013-10-02,186264.956771
2013-10-03,185352.348717
2013-10-04,187758.866820
2013-10-07,185801.437093
2013-10-08,182431.564441
2013-10-09,182821.215157
2013-10-10,187514.291706
2013-10-11,188356.751798
2013-10-14,189642.369409
2013-10-15,188827.010935
2013-10-16,192183.662888
2013-10-17,193690.475821
2013-10-18,195376.577349
2013-10-21,194509.841502
2013-10-22,195496.983140
2013-10-23,193424.356529
2013-10-24,194101.400287
2013-10-25,194672.024348
2013-10-28,194266.909171
2013-10-29,195435.492074
2013-10-30,195114.857746
2013-10-31,194403.278378
2013-11-01,194304.162893
2013-11-04,194830.840860
2013-11-05,195117.084790
2013-11-06,194081.343836
2013-11-07,191374.328089
2013-11-08,195485.174818
2013-11-11,195802.455040
2013-11-12,196121.513373
2013-11-13,197251.108688
2013-11-14,198862.992057
2013-11-15,199176.310277
2013-11-18,197966.400082
2013-11-19,197523.214476
2013-11-20,198014.078008
2013-11-21,200791.357026
2013-11-22,203279.312676
2013-11-25,202918.841140
2013-11-26,203125.589615
2013-11-27,203709.488336
2013-11-29,203342.154742
2013-12-02,203649.305947
2013-12-03,202073.976492
2013-12-04,201578.585614
2013-12-05,200154.855546
2013-12-06,202589.561387
2013-12-09,202625.954592
2013-12-10,202386.337765
2013-12-11,198698.225917
2013-12-12,199279.663773
2013-12-13,199797.804657
2013-12-16,200772.402532
2013-12-17,200495.987172
2013-12-18,202836.383196
2013-12-19,202634.925274
2013-12-20,204022.680995
2013-12-23,204676.150665
2013-12-24,205053.829120
2013-12-26,206007.996782
2013-12-27,204621.716548
2013-12-30,204562.342684
2013-12-31,205158.999475
2014-01-02,204139.948000
2014-01-03,204834.730198
2014-01-06,203695.898198
2014-01-07,205301.461075
2014-01-08,207911.648112
2014-01-09,208737.913739
2014-01-10,209513.036548
2014-01-13,206011.703142
2014-01-14,209662.380245
2014-01-15,210194.406837
2014-01-16,208659.686306
2014-01-17,207717.245393
2014-01-21,209223.624058
2014-01-22,209976.659883
2014-01-23,207320.288417
2014-01-24,202112.130099
2014-01-27,200836.855636
2014-01-28,202285.118089
2014-01-29,200208.460482
2014-01-30,203577.081340
2014-01-31,202675.712801
2014-02-03,197655.572998
2014-02-04,199120.304429
2014-02-05,198564.841671
2014-02-06,200950.600922
2014-02-07,204935.439226
2014-02-10,204851.267746
2014-02-11,206980.148806
2014-02-12,206928.619677
2014-02-13,208270.436887
2014-02-14,208724.815214
2014-02-18,210094.929232
2014-02-19,208060.030540
2014-02-20,209800.435776
2014-02-21,210230.430430
2014-02-24,212245.467293
2014-02-25,212468.684419
2014-02-26,212069.298747
2014-02-27,213400.026519
2014-02-28,213619.520512
2014-03-03,212229.498689
2014-03-04,216416.461940
2014-03-05,216841.565718
2014-03-06,216646.539954
2014-03-07,216431.120941
2014-03-10,215715.993096
2014-03-11,214534.452044
2014-03-12,214735.060724
2014-03-13,211363.238444
2014-03-14,211197.086871
2014-03-17,212698.805680
2014-03-18,214536.318559
2014-03-19,213311.837412
2014-03-20,214054.220310
2014-03-21,212003.310075
2014-03-24,210669.301258
2014-03-25,211889.995573
2014-03-26,209813.130821
2014-03-27,208316.588068
2014-03-28,209147.232757
2014-03-31,212425.883178
2014-04-01,215436.784148
2014-04-02,215682.651828
2014-04-03,214162.408120
2014-04-04,209785.844518
2014-04-07,206887.483172
2014-04-08,207259.261745
2014-04-09,211429.725891
2014-04-10,204961.687973
2014-04-11,202526.654822
2014-04-14,204302.532331
2014-04-15,205547.078667
2014-04-16,208860.092644
2014-04-17,210039.578348
2014-04-21,211001.660284
2014-04-22,212296.350929
2014-04-23,212778.365792
2014-04-24,211197.959762
2014-04-25,207938.576648
2014-04-28,206241.239074
2014-04-29,208192.974895
2014-04-30,209851.703295
2014-05-01,209592.569643
2014-05-02,210465.948318
2014-05-05,210982.695752
2014-05-06,209831.887849
2014-05-07,208859.887857
2014-05-08,207862.666789
2014-05-09,208055.860669
2014-05-12,211477.868916
2014-05-13,211805.298429
2014-05-14,210602.438897
2014-05-15,208293.102708
2014-05-16,208905.507739
2014-05-19,210811.753298
2014-05-20,209093.989802
2014-05-21,210250.795719
2014-05-22,211292.007787
2014-05-23,213006.226822
2014-05-27,215303.193550
2014-05-28,215831.480417
2014-05-29,217751.699917
2014-05-30,216866.240987
2014-06-02,217777.582009
2014-06-03,217326.562366
2014-06-04,217954.647021
2014-06-05,218753.042951
2014-06-06,219868.916116
2014-06-09,219041.499967
2014-06-10,218237.857127
2014-06-11,217897.214465
2014-06-12,215426.523641
2014-06-13,216893.293975
2014-06-16,217297.666703
2014-06-17,218517.015974
2014-06-18,220388.041128
2014-06-19,220427.210614
2014-06-20,221627.602955
2014-06-23,221189.989993
2014-06-24,219326.700104
2014-06-25,220023.938255
2014-06-26,220253.255926
2014-06-27,220870.807575
2014-06-30,220593.269567
2014-07-01,222910.334612
2014-07-02,222843.332800
2014-07-03,223937.731580
2014-07-07,221590.895116
2014-07-08,219187.102845
2014-07-09,219777.197328
2014-07-10,219286.054489
2014-07-11,220289.806185
2014-07-14,221279.795824
2014-07-15,221042.644448
2014-07-16,221568.480613
2014-07-17,218321.359569
2014-07-18,220771.935887
2014-07-21,219962.305452
2014-07-22,221992.986702
2014-07-23,223273.395394
2014-07-24,223740.840696
2014-07-25,223585.578797
2014-07-28,223747.855078
2014-07-29,222621.997397
2014-07-30,222189.671344
2014-07-31,218325.014116
2014-08-01,218387.604496
2014-08-04,219971.974048
2014-08-05,217934.094135
2014-08-06,218369.709593
2014-08-07,217332.216721
2014-08-08,219496.556899
2014-08-11,221179.348769
2014-08-12,220928.935114
2014-08-13,222970.518093
2014-08-14,223540.296850
2014-08-15,224068.778086
2014-08-18,226206.188383
2014-08-19,227367.353527
2014-08-20,228469.947791
2014-08-21,228677.024037
2014-08-22,228600.990860
2014-08-25,229485.748616
2014-08-26,229474.135335
2014-08-27,228861.870515
2014-08-28,228261.368433
2014-08-29,229224.026907
2014-09-02,229551.510848
2014-09-03,229105.356545
2014-09-04,228287.349746
2014-09-05,229558.494676
2014-09-08,229447.661549
2014-09-09,227650.137807
2014-09-10,228812.721126
2014-09-11,229033.875972
2014-09-12,227035.448486
2014-09-15,225735.084930
2014-09-16,228213.777136
2014-09-17,227925.400969
2014-09-18,229943.948908
2014-09-19,228530.459191
2014-09-22,226222.413605
2014-09-23,225279.171726
2014-09-24,228021.178895
2014-09-25,224176.504110
2014-09-26,226533.588656
2014-09-29,226768.800042
2014-09-30,226062.057118
2014-10-01,221920.276034
2014-10-02,221748.390750
2014-10-03,225014.473972
2014-10-06,224083.625044
2014-10-07,220025.147448
2014-10-08,223530.031830
2014-10-09,218518.000142
2014-10-10,214402.617893
2014-10-13,209003.764392
2014-10-14,209696.586596
2014-10-15,208594.598978
2014-10-16,208991.604773
2014-10-17,212306.564752
2014-10-20,215745.135766
2014-10-21,221351.642540
2014-10-22,218942.548784
2014-10-23,221290.347778
2014-10-24,223935.458837
2014-10-27,224024.795142
2014-10-28,226246.922308
2014-10-29,225786.078193
2014-10-30,226971.409714
2014-10-31,230447.281216
2014-11-03,231062.913595
2014-11-04,230214.572572
2014-11-05,230520.383105
2014-11-06,232578.212433
2014-11-07,233131.521604
2014-11-10,234595.238615
2014-11-11,235102.082518
2014-11-12,234362.941430
2014-11-13,234279.781108
2014-11-14,233937.210011
2014-11-17,234670.283505
2014-11-18,236647.731784
2014-11-19,235928.218228
2014-11-20,236225.011794
2014-11-21,236505.532632
2014-11-24,237534.929266
2014-11-25,238104.034325
2014-11-26,239178.957508
2014-11-28,239136.491702
2014-12-01,236058.582527
2014-12-02,237930.183558
2014-12-03,238305.655345
2014-12-04,238529.383491
2014-12-05,239105.704810
2014-12-08,238502.824003
2014-12-09,237776.284827
2014-12-10,234915.086260
2014-12-11,236761.776564
2014-12-12,233521.022753
2014-12-15,232005.490826
2014-12-16,229685.504831
2014-12-17,234153.950115
2014-12-18,239309.152312
2014-12-19,239398.691026
2014-12-22,239089.688307
2014-12-23,238323.993176
2014-12-24,239217.770740
2014-12-26,240637.743092
2014-12-29,241106.363748
2014-12-30,239642.858008
2014-12-31,237507.161667
2015-01-02,237506.353070
2015-01-05,234024.716609
2015-01-06,231911.812944
2015-01-07,235223.511474
2015-01-08,239837.470387
2015-01-09,237967.534796
2015-01-12,236125.419811
2015-01-13,235395.543769
2015-01-14,235184.662828
2015-01-15,232889.433620
2015-01-16,235812.165686
2015-01-20,236611.728520
2015-01-21,237733.275806
2015-01-22,241726.668754
2015-01-23,241081.295080
2015-01-26,241579.850441
2015-01-27,238944.511923
2015-01-28,238007.950695
2015-01-29,239487.808018
2015-01-30,234208.784580
2015-02-02,235589.258597
2015-02-03,236789.299617
2015-02-04,236628.047214
2015-02-05,237996.050087
2015-02-06,236169.058901
2015-02-09,233549.018361
2015-02-10,237706.349325
2015-02-11,238485.495662
2015-02-12,240262.340183
2015-02-13,240185.411486
2015-02-17,241053.707264
2015-02-18,241995.061622
2015-02-19,242138.176488
2015-02-20,243417.544017
2015-02-23,243693.471845
2015-02-24,244233.642876
2015-02-25,243705.959685
2015-02-26,244038.612678
2015-02-27,243907.454083
2015-03-02,246134.724205
2015-03-03,245113.022063
2015-03-04,244789.139867
2015-03-05,246243.233970
2015-03-06,242941.560369
2015-03-09,244556.239991
2015-03-10,241597.794087
2015-03-11,242071.866047
2015-03-12,245506.713174
2015-03-13,244808.032109
2015-03-16,249976.884684
2015-03-17,249032.150008
2015-03-18,250837.798080
2015-03-19,252284.497722
2015-03-20,253086.630908
2015-03-23,251895.028437
2015-03-24,251045.310964
2015-03-25,245705.664706
2015-03-26,244912.675476
2015-03-27,247321.089653
2015-03-30,249615.379705
2015-03-31,247014.693339
2015-04-01,245475.498286
2015-04-02,246015.120776
2015-04-06,246191.263019
2015-04-07,245587.042855
2015-04-08,247375.494069
2015-04-09,247899.399834
2015-04-10,249138.454865
2015-04-13,247623.720023
2015-04-14,246741.712107
2015-04-15,246109.486338
2015-04-16,246242.340314
2015-04-17,242886.631568
2015-04-20,244685.117797
2015-04-21,246378.568108
2015-04-22,246404.102860
2015-04-23,247321.741423
2015-04-24,246808.982485
2015-04-27,244182.158430
2015-04-28,242545.328535
2015-04-29,239487.978322
2015-04-30,236695.250407
2015-05-01,240868.737986
2015-05-04,241426.725680
2015-05-05,237700.339650
2015-05-06,238140.449216
2015-05-07,240769.698117
2015-05-08,243611.699387
2015-05-11,243714.319587
2015-05-12,243667.088852
2015-05-13,242892.401097
2015-05-14,245745.850210
2015-05-15,246509.060698
2015-05-18,248288.918797
2015-05-19,248522.131320
2015-05-20,246821.540936
2015-05-21,247762.794302
2015-05-22,247649.082125
2015-05-26,245390.056170
2015-05-27,248693.176118
2015-05-28,248169.268741
2015-05-29,249547.773859
2015-06-01,250578.749118
2015-06-02,250085.703193
2015-06-03,251035.193852
2015-06-04,249147.309195
2015-06-05,249151.660769
2015-06-08,247487.946353
2015-06-09,247055.050757
2015-06-10,249735.681011
2015-06-11,250416.252648
2015-06-12,249144.035218
2015-06-15,249153.392648
2015-06-16,250574.743794
2015-06-17,251873.597522
2015-06-18,254883.777632
2015-06-19,254764.541725
2015-06-22,255470.451949
2015-06-23,255938.485568
2015-06-24,254547.124278
2015-06-25,256818.707393
2015-06-26,255690.767000
2015-06-29,250076.536287
2015-06-30,250636.850768
2015-07-01,252488.126113
2015-07-02,252092.924885
2015-07-06,251895.543062
2015-07-07,252731.762167
2015-07-08,248685.233863
2015-07-09,249272.267369
2015-07-10,253195.434290
2015-07-13,255523.008037
2015-07-14,256870.433463
2015-07-15,256401.080337
2015-07-16,258591.357726
2015-07-17,258182.852036
2015-07-20,259160.462832
2015-07-21,258124.100942
2015-07-22,258538.491208
2015-07-23,257764.186305
2015-07-24,254288.170866
2015-07-27,252030.092190
2015-07-28,254711.711917
2015-07-29,255301.721493
2015-07-30,256411.708921
2015-07-31,256657.761012
2015-08-03,255860.157569
2015-08-04,256716.083756
2015-08-05,260020.308527
2015-08-06,256658.587869
2015-08-07,256765.830947
2015-08-10,259065.833313
2015-08-11,257775.868376
2015-08-12,257800.154114
2015-08-13,259243.077548
2015-08-14,259321.794936
2015-08-17,261844.405252
2015-08-18,261503.317720
2015-08-19,260107.636625
2015-08-20,253907.784480
2015-08-21,245375.669965
2015-08-24,236976.581987
2015-08-25,235802.165495
2015-08-26,244607.486936
2015-08-27,250213.675100
2015-08-28,250033.557746
2015-08-31,247924.924986
2015-09-01,240552.692952
2015-09-02,245701.847970
2015-09-03,246068.352188
2015-09-04,243123.612565
2015-09-08,249075.348223
2015-09-09,246738.139768
2015-09-10,248317.494819
2015-09-11,250523.250484
2015-09-14,249951.392512
2015-09-15,252505.824021
2015-09-16,254576.995709
2015-09-17,255258.957040
2015-09-18,252003.182208
2015-09-21,252986.578986
2015-09-22,249736.412783
2015-09-23,250111.414130
2015-09-24,248476.825716
2015-09-25,247626.021355
2015-09-28,240112.290899
2015-09-29,239049.033376
2015-09-30,243922.751975
2015-10-01,245873.525606
2015-10-02,248542.955812
2015-10-05,250700.256161
2015-10-06,247100.489028
2015-10-07,248722.248234
2015-10-08,249381.888770
2015-10-09,251119.588338
2015-10-12,252104.399994
2015-10-13,249344.020640
2015-10-14,247187.901517
2015-10-15,248918.387888
2015-10-16,250768.034586
2015-10-19,251148.090762
2015-10-20,250802.564703
2015-10-21,249174.776997
2015-10-22,249870.347329
2015-10-23,253306.003504
2015-10-26,253549.666819
2015-10-27,253907.113448
2015-10-28,257314.566277
2015-10-29,256031.575404
2015-10-30,256893.668431
2015-11-02,258505.504622
2015-11-03,257040.496870
2015-11-04,257047.180175
2015-11-05,258585.567519
2015-11-06,260330.854590
2015-11-09,257756.264376
2015-11-10,258919.403673
2015-11-11,258889.551783
2015-11-12,255757.878860
2015-11-13,252383.788646
2015-11-16,255189.092060
2015-11-17,255112.204590
2015-11-18,258805.195402
2015-11-19,258702.427699
2015-11-20,261222.540187
2015-11-23,261458.259573
2015-11-24,261350.116696
2015-11-25,262785.432912
2015-11-27,263415.831095
2015-11-30,261289.377670
2015-12-01,264550.597437
2015-12-02,263431.157310
2015-12-03,259248.651646
2015-12-04,264753.426953
2015-12-07,262580.036596
2015-12-08,263538.086675
2015-12-09,259686.154990
2015-12-10,259528.245237
2015-12-11,255077.244991
2015-12-14,257396.963430
2015-12-15,259366.701801
2015-12-16,262846.040130
2015-12-17,258973.919507
2015-12-18,255229.044390
2015-12-21,256868.473971
2015-12-22,258402.058496
2015-12-23,259411.964705
2015-12-24,259027.295155
2015-12-28,259827.773029
2015-12-29,262879.398491
2015-12-30,261203.301437
2015-12-31,258448.050465
2016-01-04,252557.916346
2016-01-05,253438.883520
2016-01-06,252478.492284
2016-01-07,247845.645416
2016-01-08,244646.305613
2016-01-11,246083.518241
2016-01-12,248825.582735
2016-01-13,241496.304505
2016-01-14,244815.489510
2016-01-15,240547.662989
2016-01-19,242271.543171
2016-01-20,240733.333620
2016-01-21,241009.978055
2016-01-22,246698.118268
2016-01-25,243786.163921
2016-01-26,246399.514293
2016-01-27,242704.725472
2016-01-28,244407.325000
2016-01-29,248063.595710
2016-02-01,248856.308185
2016-02-02,246056.781876
2016-02-03,244753.749139
2016-02-04,242696.604096
2016-02-05,236108.940273
2016-02-08,231910.363387
2016-02-09,233658.302534
2016-02-10,234753.405806
2016-02-11,233604.742829
2016-02-12,236823.849916
2016-02-16,240879.058541
2016-02-17,245088.409222
2016-02-18,242671.656852
2016-02-19,244173.927632
2016-02-22,247241.107107
2016-02-23,245688.890128
2016-02-24,246260.015655
2016-02-25,250271.488892
2016-02-26,248979.448267
2016-02-29,246833.464143
2016-03-01,252143.402634
2016-03-02,252541.819590
2016-03-03,253058.981079
2016-03-04,252668.985851
2016-03-07,249993.190538
2016-03-08,249845.285683
2016-03-09,251372.269037
2016-03-10,252097.107449
2016-03-11,255202.624234
2016-03-14,255628.561059
2016-03-15,256081.071036
2016-03-16,257629.567305
2016-03-17,257741.337953
2016-03-18,257384.571507
2016-03-21,257326.056446
2016-03-22,257549.566647
2016-03-23,257506.636341
2016-03-24,256998.053774
2016-03-28,257750.169416
2016-03-29,260241.632742
2016-03-30,261056.870753
2016-03-31,260748.167053
2016-04-01,262372.219122
2016-04-04,262933.668583
2016-04-05,260448.898867
2016-04-06,262668.349259
2016-04-07,260734.399572
2016-04-08,261039.551933
2016-04-11,259905.706232
2016-04-12,260980.444990
2016-04-13,260613.444705
2016-04-14,259218.544895
2016-04-15,260063.257996
2016-04-18,261486.381422
2016-04-19,260484.560865
2016-04-20,258708.652796
2016-04-21,254876.131619
2016-04-22,254497.758733
2016-04-25,255748.738060
2016-04-26,255485.813116
2016-04-27,256282.762773
2016-04-28,254680.242597
2016-04-29,254605.493353
2016-05-02,257589.651319
2016-05-03,256748.674133
2016-05-04,257568.604629
2016-05-05,257252.193818
2016-05-06,258129.403288
2016-05-09,259733.113354
2016-05-10,261496.430370
2016-05-11,260017.918297
2016-05-12,261081.617383
2016-05-13,260004.315558
2016-05-16,261107.636588
2016-05-17,256946.544701
2016-05-18,254177.396884
2016-05-19,253924.634137
2016-05-20,254505.370187
2016-05-23,254026.135389
2016-05-24,257502.313231
2016-05-25,257274.484698
2016-05-26,258288.844948
2016-05-27,259233.263703
2016-05-31,259086.412385
2016-06-01,260057.386236
2016-06-02,260360.831857
2016-06-03,261450.638165
2016-06-06,261090.163275
2016-06-07,261599.121594
2016-06-08,262601.150945
2016-06-09,263688.100752
2016-06-10,261885.222960
2016-06-13,260554.727143
2016-06-14,260399.554774
2016-06-15,260846.611893
2016-06-16,262348.720945
2016-06-17,261254.786459
2016-06-20,262278.516404
2016-06-21,263021.395571
2016-06-22,262527.346380
2016-06-23,264037.267108
2016-06-24,259709.252623
2016-06-27,258400.836181
2016-06-28,261211.380128
2016-06-29,264981.457006
2016-06-30,269385.541402
2016-07-01,269099.453699
2016-07-05,269617.141042
2016-07-06,271108.839614
2016-07-07,269599.908448
2016-07-08,272800.515626
2016-07-11,273482.453303
2016-07-12,274218.337728
2016-07-13,274400.576397
2016-07-14,274491.288954
2016-07-15,274066.873529
2016-07-18,274178.445424
2016-07-19,274320.451642
2016-07-20,274419.881212
2016-07-21,273195.136847
2016-07-22,275407.547111
2016-07-25,274650.258048
2016-07-26,274979.217285
2016-07-27,274221.832900
2016-07-28,275216.980428
2016-07-29,275497.312063
2016-08-01,274979.107840
2016-08-02,273418.874568
2016-08-03,273165.617419
2016-08-04,273211.963338
2016-08-05,272464.383154
2016-08-08,272421.267438
2016-08-09,272900.048754
2016-08-10,272807.847986
2016-08-11,274019.249295
2016-08-12,274019.009883
2016-08-15,274379.823745
2016-08-16,272040.068178
2016-08-17,273153.119113
2016-08-18,274850.017862
2016-08-19,274994.504136
2016-08-22,274790.418652
2016-08-23,274947.878651
2016-08-24,271858.431543
2016-08-25,271294.158368
2016-08-26,269534.003233
2016-08-29,271526.738007
2016-08-30,269220.173052
2016-08-31,267837.397491
2016-09-01,268586.835391
2016-09-02,269741.883280
2016-09-06,270960.980987
2016-09-07,271197.850483
2016-09-08,269934.435144
2016-09-09,261984.609350
2016-09-12,265849.555404
2016-09-13,261787.889026
2016-09-14,262219.445320
2016-09-15,264977.116062
2016-09-16,264424.414777
2016-09-19,266022.462306
2016-09-20,265696.126947
2016-09-21,270053.918925
2016-09-22,271832.879890
2016-09-23,270322.877000
2016-09-26,269817.593169
2016-09-27,269950.620480
2016-09-28,270901.622205
2016-09-29,268256.581462
2016-09-30,268548.378422
2016-10-03,266652.292510
2016-10-04,262569.191036
2016-10-05,263168.140889
2016-10-06,263146.777644
2016-10-07,261292.967240
2016-10-10,262676.522970
2016-10-11,258476.631814
2016-10-12,259774.399861
2016-10-13,260229.607493
2016-10-14,259632.846590
2016-10-17,258886.084364
2016-10-18,260919.813612
2016-10-19,261373.843634
2016-10-20,261995.979173
2016-10-21,260878.696109
2016-10-24,262277.514992
2016-10-25,260857.844300
2016-10-26,258086.016938
2016-10-27,255722.257576
2016-10-28,256976.353144
2016-10-31,257874.009778
2016-11-01,255603.708393
2016-11-02,253212.129688
2016-11-03,252310.912228
2016-11-04,253399.723025
2016-11-07,259015.631401
2016-11-08,261113.730137
2016-11-09,264512.016804
2016-11-10,263655.537239
2016-11-11,261991.740831
2016-11-14,262851.653842
2016-11-15,267637.570652
2016-11-16,266467.366658
2016-11-17,265918.138898
2016-11-18,265756.464515
2016-11-21,268547.054069
2016-11-22,269449.649267
2016-11-23,270928.823080
2016-11-25,271168.830750
2016-11-28,268640.839744
2016-11-29,268519.178265
2016-11-30,272398.535612
2016-12-01,268612.707376
2016-12-02,270174.706972
2016-12-05,272100.988915
2016-12-06,274049.560609
2016-12-07,278567.018078
2016-12-08,278966.221827
2016-12-09,277324.048859
2016-12-12,275342.273002
2016-12-13,277249.888529
2016-12-14,274508.200400
2016-12-15,276246.803710
2016-12-16,274324.396297
2016-12-19,274734.430877
2016-12-20,276001.012053
2016-12-21,275932.320305
2016-12-22,275729.498456
2016-12-23,276792.725508
2016-12-27,277721.015884
2016-12-28,273842.836639
2016-12-29,273772.270512
2016-12-30,271961.003741
2017-01-03,274626.053771
2017-01-04,277785.880806
2017-01-05,276843.597737
2017-01-06,277264.375472
2017-01-09,275316.123958
2017-01-10,276821.474371
2017-01-11,279000.233436
2017-01-12,276819.380340
2017-01-13,278160.567769
2017-01-17,273947.438105
2017-01-18,276884.907340
2017-01-19,277402.472767
2017-01-20,278732.267300
2017-01-23,278081.095063
2017-01-24,283111.548361
2017-01-25,285811.408585
2017-01-26,287156.753413
2017-01-27,286874.998886
2017-01-30,284130.183749
2017-01-31,283170.781573
2017-02-01,284050.641833
2017-02-02,283631.986427
2017-02-03,288848.554296
2017-02-06,287591.602983
2017-02-07,286689.503936
2017-02-08,284591.923306
2017-02-09,288050.607432
2017-02-10,288573.097902
2017-02-13,290872.476645
2017-02-14,292737.434589
2017-02-15,293571.976663
2017-02-16,292350.737995
2017-02-17,291702.596256
2017-02-21,293927.160148
2017-02-22,292410.888610
2017-02-23,291584.956012
2017-02-24,290293.266201
2017-02-27,292522.968388
2017-02-28,291882.008146
2017-03-01,299587.869353
2017-03-02,295556.370681
2017-03-03,298130.464485
2017-03-06,296925.245901
2017-03-07,295543.413745
2017-03-08,294357.874211
2017-03-09,293730.748483
2017-03-10,295301.704681
2017-03-13,296218.706984
2017-03-14,293692.337602
2017-03-15,296046.022492
2017-03-16,295528.668031
2017-03-17,294334.844513
2017-03-20,293704.905252
2017-03-21,285469.498533
2017-03-22,287142.613694
2017-03-23,287649.053989
2017-03-24,288598.622643
2017-03-27,287770.315423
2017-03-28,290648.050245
2017-03-29,291717.496705
2017-03-30,294200.478937
2017-03-31,292997.710356
2017-04-03,292516.023613
2017-04-04,292968.890025
2017-04-05,290263.744475
2017-04-06,292273.089101
2017-04-07,292696.059433
2017-04-10,291931.128866
2017-04-11,291598.336707
2017-04-12,288083.304602
2017-04-13,286061.836147
2017-04-17,288949.421825
2017-04-18,286482.081414
2017-04-19,287604.740347
2017-04-20,291017.002246
2017-04-21,289599.818503
2017-04-24,294587.326493
2017-04-25,295944.811153
2017-04-26,294079.116347
2017-04-27,294277.596246
2017-04-28,293214.499362
2017-05-01,294364.711970
2017-05-02,294652.697414
2017-05-03,295673.842091
2017-05-04,295901.443343
2017-05-05,296349.658274
2017-05-08,295765.804290
2017-05-09,296423.590095
2017-05-10,297437.031800
2017-05-11,296187.976136
2017-05-12,294685.734723
2017-05-15,297313.463764
2017-05-16,298422.204942
2017-05-17,287271.782466
2017-05-18,289739.946108
2017-05-19,293456.501787
2017-05-22,295510.667200
2017-05-23,297578.208585
2017-05-24,297633.559181
2017-05-25,301765.352886
2017-05-26,300870.763819
2017-05-30,300017.521408
2017-05-31,298614.789143
2017-06-01,301127.357429
2017-06-02,301765.360065
2017-06-05,300541.119346
2017-06-06,300025.156956
2017-06-07,302034.754071
2017-06-08,304554.939823
2017-06-09,301607.292272
2017-06-12,300331.449148
2017-06-13,302032.430365
2017-06-14,300638.655307
2017-06-15,299497.282549
2017-06-16,298769.006078
2017-06-19,302873.691037
2017-06-20,300730.681336
2017-06-21,302325.916179
2017-06-22,301929.840571
2017-06-23,302062.781745
2017-06-26,302049.571411
2017-06-27,299430.961917
2017-06-28,303163.566094
2017-06-29,301003.255099
2017-06-30,299938.558742
2017-07-03,300061.637306
2017-07-05,304320.934253
2017-07-06,302493.412860
2017-07-07,306138.719495
2017-07-10,307265.648890
2017-07-11,308168.071156
2017-07-12,310565.559281
2017-07-13,310420.995452
2017-07-14,311891.977936
2017-07-17,311846.214469
2017-07-18,313376.501876
2017-07-19,314089.165984
2017-07-20,313706.205997
2017-07-21,313368.470630
2017-07-24,314775.250537
2017-07-25,313681.063503
2017-07-26,315908.088054
2017-07-27,312699.864407
2017-07-28,311474.982446
2017-07-31,309294.579312
2017-08-01,309324.008614
2017-08-02,307713.952071
2017-08-03,307389.742201
2017-08-04,308781.972231
2017-08-07,310867.384546
2017-08-08,309582.681165
2017-08-09,308166.649263
2017-08-10,301241.352572
2017-08-11,303048.946352
2017-08-14,307478.333690
2017-08-15,308131.371360
2017-08-16,308961.027672
2017-08-17,302696.713602
2017-08-18,303027.948221
2017-08-21,302149.835091
2017-08-22,307277.122794
2017-08-23,305796.243636
2017-08-24,305213.182306
2017-08-25,305224.531620
2017-08-28,305493.468343
2017-08-29,304610.176063
2017-08-30,308128.901618
2017-08-31,308826.622219
2017-09-01,309967.336560
2017-09-05,306799.530608
2017-09-06,307722.351626
2017-09-07,307956.061612
2017-09-08,307642.202005
2017-09-11,311015.046846
2017-09-12,312251.351135
2017-09-13,312478.809902
2017-09-14,311608.797334
2017-09-15,311905.339933
2017-09-18,314357.007684
2017-09-19,314725.019524
2017-09-20,314447.325922
2017-09-21,313834.957277
2017-09-22,314201.643654
2017-09-25,310596.014994
2017-09-26,310876.988973
2017-09-27,315906.975588
2017-09-28,317048.288561
2017-09-29,319641.086929
2017-10-02,319951.972776
2017-10-03,320672.605921
2017-10-04,322089.686591
2017-10-05,323645.348332
2017-10-06,324672.940052
2017-10-09,325174.686128
2017-10-10,325007.644606
2017-10-11,326811.362514
2017-10-12,327080.945120
2017-10-13,327511.619460
2017-10-16,327957.710295
2017-10-17,326866.619220
2017-10-18,326739.761347
2017-10-19,327893.678814
2017-10-20,330571.033417
2017-10-23,329818.341797
2017-10-24,330209.877806
2017-10-25,327951.335043
2017-10-26,328738.409823
2017-10-27,333443.113550
2017-10-30,333677.287706
2017-10-31,336546.825864
2017-11-01,334454.826160
2017-11-02,335629.776646
2017-11-03,337715.892314
2017-11-06,338009.656681
2017-11-07,338955.624900
2017-11-08,340024.556282
2017-11-09,337576.032934
2017-11-10,337584.427346
2017-11-13,340184.232052
2017-11-14,340174.848264
2017-11-15,338015.277809
2017-11-16,342206.043270
2017-11-17,341316.016564
2017-11-20,342985.911985
2017-11-21,346010.337962
2017-11-22,345475.807964
2017-11-24,347054.359491
2017-11-27,346397.046931
2017-11-28,348289.042665
2017-11-29,340404.202436
2017-11-30,343507.493820
2017-12-01,341179.012681
2017-12-04,334683.496097
2017-12-05,335362.338578
2017-12-06,336390.231291
2017-12-07,339866.638306
2017-12-08,341046.918252
2017-12-11,341139.600816
2017-12-12,339811.132430
2017-12-13,340461.344251
2017-12-14,339561.454484
2017-12-15,342216.609090
2017-12-18,344426.324969
2017-12-19,343789.573909
2017-12-20,344598.607553
2017-12-21,342553.457597
2017-12-22,343017.540748
2017-12-26,342248.853257
2017-12-27,343316.918377
2017-12-28,344159.196298
2017-12-29,342222.452063
2018-01-02,345716.924438
2018-01-03,350045.538910
2018-01-04,350871.950308
2018-01-05,354043.872525
2018-01-08,356953.446509
2018-01-09,357564.843470
2018-01-10,356127.981846
2018-01-11,358355.707597
2018-01-12,360878.653981
2018-01-16,360192.184090
2018-01-17,366416.559350
2018-01-18,365706.834847
2018-01-19,368384.759713
2018-01-22,372052.179922
2018-01-23,375545.517530
2018-01-24,374918.704039
2018-01-25,375664.923805
2018-01-26,379339.163078
2018-01-29,374062.234960
2018-01-30,370148.644710
2018-01-31,370116.673944
2018-02-01,368185.174475
2018-02-02,360143.362183
2018-02-05,348016.010915
2018-02-06,354387.916325
2018-02-07,353395.737414
2018-02-08,340263.698718
2018-02-09,344492.215038
2018-02-12,348917.452531
2018-02-13,350802.192897
2018-02-14,357440.810491
2018-02-15,360456.406659
2018-02-16,360889.726420
2018-02-20,359297.140396
2018-02-21,357690.975443
2018-02-22,359142.705789
2018-02-23,365041.510407
2018-02-26,367492.656524
2018-02-27,363831.401381
2018-02-28,360809.682357
2018-03-01,357767.652147
2018-03-02,360250.005248
2018-03-05,365790.797701
2018-03-06,369212.416159
2018-03-07,368049.964710
2018-03-08,370038.367427
2018-03-09,377108.547503
2018-03-12,376143.384746
2018-03-13,374664.282019
2018-03-14,374167.872019
2018-03-15,372554.878515
2018-03-16,374298.991498
2018-03-19,369982.053690
2018-03-20,373022.822987
2018-03-21,373469.921298
2018-03-22,362660.502425
2018-03-23,355218.864606
2018-03-26,364683.918429
2018-03-27,356762.216330
2018-03-28,353248.861615
2018-03-29,360427.772594
2018-04-02,351773.281680
2018-04-03,355641.364091
2018-04-04,359185.895873
2018-04-05,362990.806833
2018-04-06,354325.318367
2018-04-09,356052.084551
2018-04-10,364293.437211
2018-04-11,362424.583783
2018-04-12,366140.595843
2018-04-13,363956.045745
2018-04-16,367411.108956
2018-04-17,373809.794954
2018-04-18,377221.782064
2018-04-19,374241.630292
2018-04-20,369876.934674
2018-04-23,368811.658952
2018-04-24,360235.129297
2018-04-25,361229.870917
2018-04-26,366274.153178
2018-04-27,365489.920235
2018-04-30,363043.136460
2018-05-01,363266.048611
2018-05-02,360346.062069
2018-05-03,362682.600237
2018-05-04,366715.040027
2018-05-07,369511.676364
2018-05-08,370538.075422
2018-05-09,376556.167141
2018-05-10,380582.258256
2018-05-11,381172.222294
2018-05-14,381612.818513
2018-05-15,380552.392835
2018-05-16,383117.483135
2018-05-17,384767.161714
2018-05-18,384746.556012
2018-05-21,388513.463631
2018-05-22,387244.459854
2018-05-23,390106.392877
2018-05-24,392404.810712
2018-05-25,389898.268884
2018-05-29,387888.446508
2018-05-30,393120.629345
2018-05-31,388836.689794
2018-06-01,392746.643107
2018-06-04,394558.519158
2018-06-05,396029.039367
2018-06-06,397044.606193
2018-06-07,394650.313914
2018-06-08,396302.408454
2018-06-11,396703.488946
2018-06-12,397435.709103
2018-06-13,397177.967985
2018-06-14,399193.048829
2018-06-15,397327.062323
2018-06-18,398462.263471
2018-06-19,396436.133147
2018-06-20,396908.509503
2018-06-21,392884.463651
2018-06-22,391137.402268
2018-06-25,381741.024009
2018-06-26,383861.463807
2018-06-27,379086.869281
2018-06-28,381868.663174
2018-06-29,382806.238412
2018-07-02,382905.059301
2018-07-03,380944.948738
2018-07-05,383274.608798
2018-07-06,385700.284271
2018-07-09,390496.602956
2018-07-10,392197.333138
2018-07-11,387712.753538
2018-07-12,391995.878209
2018-07-13,392728.563538
2018-07-16,391625.458830
2018-07-17,393024.793096
2018-07-18,394915.966870
2018-07-19,392609.033619
2018-07-20,391752.745824
2018-07-23,391927.678038
2018-07-24,391330.311723
2018-07-25,396569.518475
2018-07-26,397635.442881
2018-07-27,392711.962896
2018-07-30,387739.161601
2018-07-31,390456.569351
2018-08-01,387546.587040
2018-08-02,393876.461182
2018-08-03,392966.003261
2018-08-06,396520.789609
2018-08-07,400202.690999
2018-08-08,401477.676582
2018-08-09,401108.490094
2018-08-10,399806.773780
2018-08-13,397547.893444
2018-08-14,401626.348749
2018-08-15,396645.428450
2018-08-16,397085.969019
2018-08-17,398709.184342
2018-08-20,402018.311203
2018-08-21,403843.934592
2018-08-22,405612.892294
2018-08-23,406997.659918
2018-08-24,409794.533885
2018-08-27,411250.864800
2018-08-28,411612.104818
2018-08-29,413715.117604
2018-08-30,412153.437767
2018-08-31,413070.359943
2018-09-04,412698.821228
2018-09-05,408515.458724
2018-09-06,407701.291295
2018-09-07,406440.564693
2018-09-10,408652.699851
2018-09-11,410293.808355
2018-09-12,412839.594491
2018-09-13,411010.233691
2018-09-14,412571.192601
2018-09-17,409066.113573
2018-09-18,412487.233782
2018-09-19,407732.711445
2018-09-20,409454.090189
2018-09-21,409803.436258
2018-09-24,412206.287588
2018-09-25,413963.185542
2018-09-26,413119.881057
2018-09-27,413555.404775
2018-09-28,412909.006949
2018-10-01,414430.098187
2018-10-02,409051.984223
2018-10-03,410679.883508
2018-10-04,405355.515955
2018-10-05,403513.922874
2018-10-08,399899.475432
2018-10-09,399959.582920
2018-10-10,383271.921459
2018-10-11,378419.649868
2018-10-12,386388.250872
2018-10-15,383627.131434
2018-10-16,392281.058762
2018-10-17,391227.703138
2018-10-18,386034.780728
2018-10-19,379594.219757
2018-10-22,382330.625610
2018-10-23,377404.839713
2018-10-24,362461.298516
2018-10-25,367235.566950
2018-10-26,360150.001915
2018-10-29,358112.195233
2018-10-30,365600.226113
2018-10-31,369597.211162
2018-11-01,374707.920730
2018-11-02,373978.516709
2018-11-05,373147.270047
2018-11-06,373759.443089
2018-11-07,386426.447095
2018-11-08,385911.040919
2018-11-09,381573.642423
2018-11-12,370692.243096
2018-11-13,370522.533861
2018-11-14,369070.985538
2018-11-15,371636.788978
2018-11-16,372244.186124
2018-11-19,357478.775153
2018-11-20,351901.065321
2018-11-21,355991.801878
2018-11-23,355326.074506
2018-11-26,362186.034462
2018-11-27,363137.116396
2018-11-28,376189.090989
2018-11-29,375275.499860
2018-11-30,376627.670035
2018-12-03,383744.918432
2018-12-04,374893.252002
2018-12-06,375700.965780
2018-12-07,365784.900168
2018-12-10,369079.496448
2018-12-11,369307.542526
2018-12-12,372278.561214
2018-12-13,371640.865383
2018-12-14,365368.945662
2018-12-17,356176.494519
2018-12-18,357282.341169
2018-12-19,353018.094548
2018-12-20,347346.563703
2018-12-21,341761.114063
2018-12-24,333666.706251
2018-12-26,348332.489611
2018-12-27,351174.763571
2018-12-28,351207.069719
2018-12-31,355181.917032
2019-01-02,352353.559628
2019-01-03,347627.676261
2019-01-04,354953.380406
2019-01-07,358972.549750
2019-01-08,363051.336814
2019-01-09,363865.121084
2019-01-10,366467.616217
2019-01-11,367176.408205
2019-01-14,365161.069953
2019-01-15,370197.730180
2019-01-16,370351.577648
2019-01-17,372141.686521
2019-01-18,374010.045620
2019-01-22,370966.831217
2019-01-23,371974.615818
2019-01-24,370365.790154
2019-01-25,372402.143715
2019-01-28,370558.271535
2019-01-29,370536.905955
2019-01-30,375856.079675
2019-01-31,379365.555192
2019-02-01,380287.935347
2019-02-04,382491.573971
2019-02-05,382067.389862
2019-02-06,382786.241180
2019-02-07,383740.459188
2019-02-08,385501.404405
2019-02-11,386551.622420
2019-02-12,389275.104928
2019-02-13,389645.232051
2019-02-14,390262.655571
2019-02-15,392697.131299
2019-02-19,392832.533033
2019-02-20,393037.396587
2019-02-21,394029.970868
2019-02-22,397047.123726
2019-02-25,395053.847295
2019-02-26,394918.456112
2019-02-27,394024.051679
2019-02-28,395509.741411
2019-03-01,396314.131417
2019-03-04,393819.531119
2019-03-05,394869.601500
2019-03-06,391262.944329
2019-03-07,389832.381158
2019-03-08,388520.030407
2019-03-11,392483.789933
2019-03-12,394543.603635
2019-03-13,396323.798927
2019-03-14,396350.405408
2019-03-15,396794.006692
2019-03-18,396729.376075
2019-03-19,398139.637595
2019-03-20,398239.928147
2019-03-21,405066.109881
2019-03-22,400242.117124
2019-03-25,401918.338353
2019-03-26,404285.035541
2019-03-27,401990.526554
2019-03-28,404353.018636
2019-03-29,406336.437377
2019-04-01,406914.556630
2019-04-02,407691.023258
2019-04-03,409107.611295
2019-04-04,407315.089109
2019-04-05,409294.415084
2019-04-08,409130.522483
2019-04-09,407726.094320
2019-04-10,410441.852231
2019-04-11,409773.668771
2019-04-12,410006.814123
2019-04-15,409612.460611
2019-04-16,404731.547137
2019-04-17,399195.496067
2019-04-18,400316.976385
2019-04-22,399608.486869
2019-04-23,403462.899598
2019-04-24,404663.582204
2019-04-25,403664.210405
2019-04-26,406289.886360
2019-04-29,404397.464603
2019-04-30,405678.580060
2019-05-01,400163.758567
2019-05-02,403065.870977
2019-05-03,403408.619728
2019-05-06,401602.278141
2019-05-07,395462.062999
2019-05-08,395604.069036
2019-05-09,395152.704620
2019-05-10,397414.189378
2019-05-13,390391.650579
2019-05-14,393467.642724
2019-05-15,395026.424971
2019-05-16,398448.480214
2019-05-17,395864.568283
2019-05-20,391845.792504
2019-05-21,395341.585467
2019-05-22,396323.851603
2019-05-23,392823.505316
2019-05-24,392940.538649
2019-05-28,391742.480436
2019-05-29,388456.026660
2019-05-30,392505.099377
2019-05-31,389977.871223
2019-06-03,389618.401077
2019-06-04,397281.131832
2019-06-05,403199.664971
2019-06-06,407712.342566
2019-06-07,411031.446591
2019-06-10,412330.282666
2019-06-11,412266.876622
2019-06-12,413342.326946
2019-06-13,413195.555094
2019-06-14,411922.814056
2019-06-17,409537.134303
2019-06-18,412332.694112
2019-06-19,415433.143673
2019-06-20,418529.145742
2019-06-21,414760.281881
2019-06-24,414726.137650
2019-06-25,411170.082761
2019-06-26,409026.915185
2019-06-27,411883.370272
2019-06-28,414046.370749
2019-07-01,417357.714937
2019-07-02,420574.329696
2019-07-03,425238.612723
2019-07-05,423875.832659
2019-07-08,423023.051905
2019-07-09,422359.219183
2019-07-10,423663.779156
2019-07-11,423006.674935
2019-07-12,424733.362153
2019-07-15,425564.105454
2019-07-16,424751.726526
2019-07-17,423568.001150
2019-07-18,426323.129394
2019-07-19,422267.680042
2019-07-22,423084.664593
2019-07-23,423745.647673
2019-07-24,423913.877729
2019-07-25,423876.135235
2019-07-26,426212.862409
2019-07-29,425891.960309
2019-07-30,426223.991044
2019-07-31,421879.473636
2019-08-01,420215.130791
2019-08-02,418334.819907
2019-08-05,411287.028357
2019-08-06,418720.035315
2019-08-07,421873.133093
2019-08-08,428961.628258
2019-08-09,428178.585595
2019-08-12,425534.584985
2019-08-13,428308.652897
2019-08-14,420277.932361
2019-08-15,425677.144169
2019-08-16,428768.696753
2019-08-19,431466.073448
2019-08-20,429843.425755
2019-08-21,433125.513603
2019-08-22,435133.460124
2019-08-23,427960.645624
2019-08-26,432740.450095
2019-08-27,433610.581082
2019-08-28,435013.409201
2019-08-29,438359.259710
2019-08-30,438108.108791
2019-09-03,439632.135769
2019-09-04,443628.617436
2019-09-05,449339.919924
2019-09-06,450034.931888
2019-09-09,444908.356894
2019-09-10,438214.346462
2019-09-11,439628.484272
2019-09-12,442291.181477
2019-09-13,441761.844932
2019-09-16,440076.909761
2019-09-17,445029.479520
2019-09-18,445730.084162
2019-09-19,445005.645077
2019-09-20,442930.854815
2019-09-23,443735.387912
2019-09-24,440059.943174
2019-09-25,443154.648582
2019-09-26,443905.046926
2019-09-27,436424.968850
2019-09-30,440094.454978
2019-10-01,435211.506213
2019-10-02,429102.861956
2019-10-03,433768.180484
2019-10-04,440026.034399
2019-10-07,437749.833731
2019-10-08,432417.110759
2019-10-09,437638.989632
2019-10-10,439266.736815
2019-10-11,442076.370251
2019-10-14,441835.786102
2019-10-15,444257.389128
2019-10-16,442214.170442
2019-10-17,443670.166539
2019-10-18,443374.500202
2019-10-21,445521.994981
2019-10-22,436702.016756
2019-10-23,435952.921459
2019-10-24,439179.244958
2019-10-25,438194.551520
2019-10-28,439683.403073
2019-10-29,441369.076937
2019-10-30,443663.222933
2019-10-31,443109.480821
2019-11-01,443867.985773
2019-11-04,440923.084118
2019-11-05,439234.096032
2019-11-06,440988.388183
2019-11-07,439356.333892
2019-11-08,439779.390220
2019-11-11,442272.185313
2019-11-12,444323.115743
2019-11-13,445584.285565
2019-11-14,448785.244360
2019-11-15,451529.955993
2019-11-18,452960.705637
2019-11-19,453553.839395
2019-11-20,454787.716376
2019-11-21,449378.434933
2019-11-22,447640.990291
2019-11-25,451989.079207
2019-11-26,455228.467067
2019-11-27,457375.649069
2019-11-29,454993.502194
2019-12-02,448481.748090
2019-12-03,446582.949176
2019-12-04,448778.526330
2019-12-05,449447.038535
2019-12-06,452724.186571
2019-12-09,450348.541490
2019-12-10,449906.101344
2019-12-11,454894.703318
2019-12-12,459650.679610
2019-12-13,461175.714583
2019-12-16,463879.537240
2019-12-17,465059.255977
2019-12-18,465112.071754
2019-12-19,467867.614656
2019-12-20,472184.985303
2019-12-23,472076.591584
2019-12-24,472949.007868
2019-12-26,474917.530016
2019-12-27,474394.613979
2019-12-30,472352.621637
2019-12-31,473587.714775
2020-01-02,478498.751483
2020-01-03,476852.518929
2020-01-06,477192.822855
2020-01-07,477757.725526
2020-01-08,480155.838827
2020-01-09,483047.111919
2020-01-10,482825.161368
2020-01-13,487060.206026
2020-01-14,486081.099638
2020-01-15,487348.407245
2020-01-16,491661.716512
2020-01-17,493707.182017
2020-01-21,495171.596649
2020-01-22,496126.165214
2020-01-23,498669.458184
2020-01-24,494604.615891
2020-01-27,487727.044700
2020-01-28,495051.329632
2020-01-29,491529.657689
2020-01-30,493909.735738
2020-01-31,483379.716371
2020-02-03,488701.378318
2020-02-04,498023.067872
2020-02-05,502665.670806
2020-02-06,503295.473841
2020-02-07,499822.609891
2020-02-10,505377.507076
2020-02-11,509761.098496
2020-02-12,513124.845228
2020-02-13,514492.150904
2020-02-14,513124.908183
2020-02-18,510939.376135
2020-02-19,514579.380783
2020-02-20,511435.722890
2020-02-21,503392.699957
2020-02-24,487729.653990
2020-02-25,472857.250413
2020-02-26,471362.626084
2020-02-27,454589.193828
2020-02-28,452167.709963
2020-03-02,469583.426352
2020-03-03,460884.322307
2020-03-04,480700.576759
2020-03-05,468103.972732
2020-03-06,460482.318589
2020-03-09,429258.669086
2020-03-10,447032.805307
2020-03-11,426549.364209
2020-03-12,387541.704843
2020-03-13,411253.918693
2020-03-16,361621.490617
2020-03-17,385731.112621
2020-03-18,359485.103607
2020-03-19,359311.975487
2020-03-20,344066.732943
2020-03-23,339460.110362
2020-03-24,375685.101185
2020-03-25,384818.353868
2020-03-26,410380.238684
2020-03-27,399721.862625
2020-03-30,410827.968595
2020-03-31,400045.987933
2020-04-01,381867.114352
2020-04-02,388148.820985
2020-04-03,381895.443018
2020-04-06,412300.496520
2020-04-07,410325.487831
2020-04-08,423959.642861
2020-04-09,426648.224704
2020-04-13,423701.859039
2020-04-14,436987.269501
2020-04-15,427592.019612
2020-04-16,433834.123120
2020-04-17,442596.243734
2020-04-20,434491.859558
2020-04-21,419277.201124
2020-04-22,430809.648520
2020-04-23,430058.673630
2020-04-24,436753.830221
2020-04-27,442085.375221
2020-04-28,440732.738896
2020-04-29,451501.776052
2020-04-30,441064.422360
2020-05-01,430052.402530
2020-05-04,434614.680453
2020-05-05,444189.001100
2020-05-06,443566.691271
2020-05-07,447866.193272
2020-05-08,453508.297552
2020-05-11,459005.579105
2020-05-12,451493.180902
2020-05-13,448791.608007
2020-05-14,452375.183880
2020-05-15,453175.011202
2020-05-18,456801.495890
2020-05-19,453896.798084
2020-05-20,458395.974316
2020-05-21,451915.080258
2020-05-22,455274.357125
2020-05-26,451105.038179
2020-05-27,453714.543721
2020-05-28,457351.310323
2020-05-29,464720.946535
2020-06-01,464907.383006
2020-06-02,464232.790499
2020-06-03,461491.151422
2020-06-04,456848.660391
2020-06-05,461399.583245
2020-06-08,462679.714223
2020-06-09,464140.750708
2020-06-10,466786.763098
2020-06-11,448202.459908
2020-06-12,450250.571795
2020-06-15,455958.372484
2020-06-16,462612.338978
2020-06-17,463946.326755
2020-06-18,461864.857166
2020-06-19,468057.349255
2020-06-22,467937.787591
2020-06-23,467790.364542
2020-06-24,460706.954061
2020-06-25,465727.517852
2020-06-26,459076.527152
2020-06-29,462106.082543
2020-06-30,470373.424630
2020-07-01,473763.175372
2020-07-02,476146.036648
2020-07-06,482649.867986
2020-07-07,481142.796760
2020-07-08,486047.657504
2020-07-09,487750.346681
2020-07-10,487028.896798
2020-07-13,476505.600099
2020-07-14,485249.389494
2020-07-15,488612.361505
2020-07-16,485971.277648
2020-07-17,490283.965836
2020-07-20,498410.323422
2020-07-21,495134.980156
2020-07-22,497972.713923
2020-07-23,491868.211489
2020-07-24,489262.734031
2020-07-27,496729.752523
2020-07-28,489825.476859
2020-07-29,496547.912596
2020-07-30,495804.045008
2020-07-31,498627.620025
2020-08-03,501393.965230
2020-08-04,503087.402326
2020-08-05,504647.915946
2020-08-06,504443.994237
2020-08-07,499060.827348
2020-08-10,493510.426474
2020-08-11,484573.420148
2020-08-12,494520.853479
2020-08-13,497196.837210
2020-08-14,494972.166719
2020-08-17,501892.078527
2020-08-18,502431.037636
2020-08-19,500740.498116
2020-08-20,504685.317581
2020-08-21,502880.838795
2020-08-24,501639.227272
2020-08-25,505067.737863
2020-08-26,511095.620293
2020-08-27,507392.418908
2020-08-28,508071.419311
2020-08-31,512417.658137
2020-09-01,515966.539398
2020-09-02,522712.829265
2020-09-03,498147.571088
2020-09-04,488956.361277
2020-09-08,475923.253063
2020-09-09,489478.328751
2020-09-10,481589.459130
2020-09-11,478736.395435
2020-09-14,483282.924194
2020-09-15,488697.674572
2020-09-16,481082.226779
2020-09-17,476471.304260
2020-09-18,473128.813252
2020-09-21,476871.055942
2020-09-22,483380.476996
2020-09-23,473137.314757
2020-09-24,474403.105382
2020-09-25,483141.626385
2020-09-28,488995.112541
2020-09-29,489345.411814
2020-09-30,491467.274080
2020-10-01,495787.490151
2020-10-02,487547.040673
2020-10-05,497725.932981
2020-10-06,490965.079271
2020-10-07,500434.894537
2020-10-08,500799.422637
2020-10-09,506541.964057
2020-10-12,513222.713257
2020-10-13,517647.280139
2020-10-14,513492.233710
2020-10-15,512529.758793
2020-10-16,512084.059475
2020-10-19,505237.279100
2020-10-20,505669.042990
2020-10-21,502788.583996
2020-10-22,497587.028036
2020-10-23,502909.921188
2020-10-26,497370.952599
2020-10-27,497853.528817
2020-10-28,483543.204896
2020-10-29,487494.078925
2020-10-30,477879.590841
2020-11-02,480220.865358
2020-11-03,488679.789946
2020-11-04,505646.346970
2020-11-05,515112.220635
2020-11-06,517950.030199
2020-11-09,492541.119307
2020-11-10,487503.366318
2020-11-11,499616.970729
2020-11-12,495148.822864
2020-11-13,498491.834077
2020-11-16,500067.858980
2020-11-17,498434.008233
2020-11-18,492918.618740
2020-11-19,497663.020283
2020-11-20,495334.968028
2020-11-23,495501.897890
2020-11-24,493358.445635
2020-11-25,495610.111222
2020-11-27,500895.231791
2020-11-30,503378.976963
2020-12-01,505135.479972
2020-12-02,502983.615981
2020-12-03,502220.893926
2020-12-04,505345.020140
2020-12-07,506365.243036
2020-12-08,507106.081357
2020-12-09,499312.774371
2020-12-10,500951.107633
2020-12-11,500649.185306
2020-12-14,503116.930362
2020-12-15,508510.440411
2020-12-16,511789.545629
2020-12-17,517348.760129
2020-12-18,519096.052984
2020-12-21,516655.106548
2020-12-22,520236.863417
2020-12-23,516726.137847
2020-12-24,517011.112579
2020-12-28,515667.407056
2020-12-29,513985.384964
2020-12-30,515547.174896
2020-12-31,518547.058885
2021-01-04,512232.616231
2021-01-05,520520.004862
2021-01-06,524801.627392
2021-01-07,539082.150086
2021-01-08,543202.290119
2021-01-11,540620.797188
2021-01-12,542078.065818
2021-01-13,540159.425867
2021-01-14,542952.317482
2021-01-15,536559.312049
2021-01-19,542959.182822
2021-01-20,547336.045713
2021-01-21,547800.117900
2021-01-22,546433.472627
2021-01-25,546078.937343
2021-01-26,539304.110111
2021-01-27,521099.711051
2021-01-28,528340.424111
2021-01-29,519331.005233
2021-02-01,531626.660559
2021-02-02,543270.949205
2021-02-03,548040.920903
2021-02-04,557464.347519
2021-02-05,565222.637115
2021-02-08,574360.410570
2021-02-09,570579.957446
2021-02-10,572918.147284
2021-02-11,573147.604915
2021-02-12,579249.403898
2021-02-16,584988.941909
2021-02-17,580694.941928
2021-02-18,570358.856848
2021-02-19,586620.211840
2021-02-22,591683.837018
2021-02-23,591958.858882
2021-02-24,608614.658851
2021-02-25,589004.645568
2021-02-26,590323.547879
2021-03-01,603601.758960
2021-03-02,596592.803431
2021-03-03,590071.447815
2021-03-04,572411.896317
2021-03-05,582986.965703
2021-03-08,575587.084794
2021-03-09,586716.888130
2021-03-10,595130.268148
2021-03-11,608983.012793
2021-03-12,610289.787435
2021-03-15,618058.300506
2021-03-16,609129.638122
2021-03-17,617894.460697
2021-03-18,605236.282378
2021-03-19,607179.732729
2021-03-22,605127.323819
2021-03-23,584914.924794
2021-03-24,580394.583050
2021-03-25,588848.700699
2021-03-26,600676.372013
2021-03-29,590635.604784
2021-03-30,600032.159549
2021-03-31,605387.924334
2021-04-01,615299.273284
2021-04-05,621811.653252
2021-04-06,623013.935792
2021-04-07,617284.272274
2021-04-08,622075.346144
2021-04-09,626379.363110
2021-04-12,625674.950301
2021-04-13,623540.481858
2021-04-14,626111.790582
2021-04-15,627524.941332
2021-04-16,628279.511953
2021-04-19,619982.024486
2021-04-20,605548.456914
2021-04-21,621829.731118
2021-04-22,615663.613620
2021-04-23,627571.161458
2021-04-26,634360.741237
2021-04-27,638944.150154
2021-04-28,641871.690716
2021-04-29,640785.916822
2021-04-30,634217.051052
2021-05-03,638455.424018
2021-05-04,635946.062018
2021-05-05,646026.936787
2021-05-06,646036.824158
2021-05-07,659179.731242
2021-05-10,647764.975120
2021-05-11,642754.102702
2021-05-12,619704.208618
2021-05-13,627297.903660
2021-05-14,644738.698361
2021-05-17,647862.183523
2021-05-18,638775.377189
2021-05-19,629036.571295
2021-05-20,631962.437092
2021-05-21,632898.945696
2021-05-24,640658.975676
2021-05-25,638082.188237
2021-05-26,646348.747634
2021-05-27,656188.329986
2021-05-28,653697.151661
2021-06-01,660478.941590
2021-06-02,655505.616596
2021-06-03,652410.216939
2021-06-04,654568.499745
2021-06-07,654493.630075
2021-06-08,660583.440911
2021-06-09,650455.210990
2021-06-10,646093.657662
2021-06-11,652021.113347
2021-06-14,642567.892172
2021-06-15,644119.481590
2021-06-16,643950.842523
2021-06-17,627885.947302
2021-06-18,617215.441503
2021-06-21,632300.778208
2021-06-22,633704.923649
2021-06-23,640103.126205
2021-06-24,646362.362736
2021-06-25,649392.005299
2021-06-28,640640.464994
2021-06-29,638367.828990
2021-06-30,645116.454777
2021-07-01,649086.860537
2021-07-02,646244.582166
2021-07-06,629917.853252
2021-07-07,625435.615282
2021-07-08,618188.195460
2021-07-09,637211.639585
2021-07-12,641517.749808
2021-07-13,633586.477284
2021-07-14,625171.750929
2021-07-15,618268.374887
2021-07-16,600932.687318
2021-07-19,584191.532021
2021-07-20,602118.708725
2021-07-21,616564.255695
2021-07-22,609804.381243
2021-07-23,610290.451829
2021-07-26,619220.343053
2021-07-27,612863.518933
2021-07-28,615350.380511
2021-07-29,622949.088347
2021-07-30,620801.352811
2021-08-02,617359.572844
2021-08-03,630025.891779
2021-08-04,620709.684210
2021-08-05,630791.551224
2021-08-06,638349.552484
2021-08-09,638818.408235
2021-08-10,646782.356919
2021-08-11,647995.137527
2021-08-12,649404.705860
2021-08-13,642359.742050
2021-08-16,633258.289476
2021-08-17,622657.867170
2021-08-18,616882.831183
2021-08-19,607252.212961
2021-08-20,611589.176859
2021-08-23,627570.557787
2021-08-24,635572.621121
2021-08-25,640140.094302
2021-08-26,633919.867879
2021-08-27,648395.121859
2021-08-30,641343.380479
2021-08-31,641353.083511
2021-09-01,636221.132794
2021-09-02,645203.679260
2021-09-03,643487.772794
2021-09-07,641637.502487
2021-09-08,633449.932364
2021-09-09,638052.940643
2021-09-10,635868.486016
2021-09-13,643788.234391
2021-09-14,637148.576288
2021-09-15,653647.351580
2021-09-16,650768.811117
2021-09-17,643693.203608
2021-09-20,626008.922809
2021-09-21,626815.038370
2021-09-22,642646.163445
2021-09-23,659095.343845
2021-09-24,659566.227922
2021-09-27,671068.097574
2021-09-28,660904.659404
2021-09-29,659031.080504
2021-09-30,650527.166354
2021-10-01,662033.808632
2021-10-04,654017.112213
2021-10-05,663212.139350
2021-10-06,660080.875588
2021-10-07,666015.362105
2021-10-08,663094.538869
2021-10-11,660384.855742
2021-10-12,661647.379211
2021-10-13,664114.853982
2021-10-14,675926.943953
2021-10-15,680036.818370
2021-10-18,687429.617403
2021-10-19,690759.927805
2021-10-20,692129.907191
2021-10-21,690721.182025
2021-10-22,692491.035976
2021-10-25,696874.590692
2021-10-26,698202.808765
2021-10-27,691490.136295
2021-10-28,702930.615115
2021-10-29,708279.224786
2021-11-01,709165.779839
2021-11-02,708160.042727
2021-11-03,708886.773665
2021-11-04,707511.345295
2021-11-05,711029.773941
2021-11-08,717694.079567
2021-11-09,715829.019897
2021-11-10,702996.590689
2021-11-11,708230.384655
2021-11-12,708765.081612
2021-11-15,710202.673586
2021-11-16,708583.939773
2021-11-17,702128.765446
2021-11-18,706340.924082
2021-11-19,698862.918624
2021-11-22,704198.438609
2021-11-23,711265.531010
2021-11-24,715954.372443
2021-11-26,697186.082135
2021-11-29,705531.750639
2021-11-30,685337.694701
2021-12-01,669706.948098
2021-12-02,686361.687948
2021-12-03,676292.242739
2021-12-06,677860.996228
2021-12-07,697953.702048
2021-12-08,696574.405020
2021-12-09,686650.028825
2021-12-10,693954.618614
2021-12-13,682988.929426
2021-12-14,678037.434169
2021-12-15,685305.993299
2021-12-16,684080.158523
2021-12-17,676756.239603
2021-12-20,662463.957506
2021-12-21,681236.862367
2021-12-22,687068.077015
2021-12-23,690261.181238
2021-12-27,704306.629601
2021-12-28,700719.330687
2021-12-29,701540.032117
2021-12-30,697847.811928
2021-12-31,698624.505974
2022-01-03,699354.783725
2022-01-04,697747.417841
2022-01-05,677359.327655
2022-01-06,677932.747815
2022-01-07,665015.889131
2022-01-10,662781.848467
2022-01-11,667487.065188
2022-01-12,671859.264236
2022-01-13,657077.878128
2022-01-14,652275.622847
2022-01-18,638951.040865
2022-01-19,630197.115046
2022-01-20,620401.789522
2022-01-21,607387.509884
2022-01-24,614230.668200
2022-01-25,602302.449410
2022-01-26,599488.189316
2022-01-27,594068.605453
2022-01-28,609292.135811
2022-01-31,625914.015986
2022-02-01,631365.428049
2022-02-02,639728.508162
2022-02-03,627174.287434
2022-02-04,627889.715592
2022-02-07,625216.345484
2022-02-08,627422.369519
2022-02-09,641796.805544
2022-02-10,628665.356106
2022-02-11,617294.189471
2022-02-14,609137.868620
2022-02-15,621202.075280
2022-02-16,622849.047297
2022-02-17,607178.435235
2022-02-18,601861.310675
2022-02-22,595058.767428
2022-02-23,582848.867784
2022-02-24,600729.631259
2022-02-25,613310.328667
2022-02-28,616427.299466
2022-03-01,610049.421583
2022-03-02,624332.503480
2022-03-03,623045.361423
2022-03-04,631088.027612
2022-03-07,625699.578311
2022-03-08,625878.045712
2022-03-09,628931.356579
2022-03-10,638620.200352
2022-03-11,633155.677166
2022-03-14,623417.786553
2022-03-15,622931.570610
2022-03-16,626959.867561
2022-03-17,643793.823401
2022-03-18,649650.807211
2022-03-21,661184.682858
2022-03-22,662115.206882
2022-03-23,663036.387134
2022-03-24,670714.041914
2022-03-25,676468.568724
2022-03-28,672154.710755
2022-03-29,675982.275057
2022-03-30,674760.166110
2022-03-31,665730.178871
2022-04-01,668429.830756
2022-04-04,673695.926436
2022-04-05,664820.370045
2022-04-06,664060.484575
2022-04-07,673249.236139
2022-04-08,679919.707634
2022-04-11,663632.313067
2022-04-12,668263.260828
2022-04-13,674803.439193
2022-04-14,670097.859575
2022-04-18,674624.522170
2022-04-19,677122.416489
2022-04-20,678624.345824
2022-04-21,663035.782482
2022-04-22,645284.874475
2022-04-25,640281.845191
2022-04-26,628596.115225
2022-04-27,629266.508490
2022-04-28,640723.859409
2022-04-29,619037.873529
2022-05-02,622531.251484
2022-05-03,634024.566646
2022-05-04,651919.977421
2022-05-05,633697.714580
2022-05-06,639853.128437
2022-05-09,602681.915818
2022-05-10,610413.038217
2022-05-11,608972.184483
2022-05-12,608481.504899
2022-05-13,628057.596215
2022-05-16,632237.290043
2022-05-17,641181.050004
2022-05-18,613781.923902
2022-05-19,614342.179305
2022-05-20,610821.672856
2022-05-23,624548.895608
2022-05-24,623009.910355
2022-05-25,632856.387026
2022-05-26,646290.256487
2022-05-27,658033.672224
2022-05-31,652500.572369
2022-06-01,649994.983835
2022-06-02,652041.606288
2022-06-03,653547.716003
2022-06-06,653619.412705
2022-06-07,663862.951616
2022-06-08,658613.477211
2022-06-09,644217.968049
2022-06-10,633121.798760
2022-06-13,606624.198491
2022-06-14,609494.729950
2022-06-15,604885.645801
2022-06-16,581206.333460
2022-06-17,567377.242290
2022-06-21,584738.820797
2022-06-22,572399.183228
2022-06-23,559146.907445
2022-06-24,570569.732974
2022-06-27,579993.297748
2022-06-28,584354.787177
2022-06-29,575033.013616
2022-06-30,569284.444994
2022-07-01,572825.709605
2022-07-05,555230.232513
2022-07-06,551610.607714
2022-07-07,565574.694078
2022-07-08,567599.871185
2022-07-11,563810.018398
2022-07-12,555856.998179
2022-07-13,554177.301284
2022-07-14,546919.092218
2022-07-15,557691.678544
2022-07-18,561202.066346
2022-07-19,576226.762221
2022-07-20,575535.187483
2022-07-21,569509.670195
2022-07-22,565523.660372
2022-07-25,580129.222173
2022-07-26,575677.036273
2022-07-27,587276.378958
2022-07-28,588492.368741
2022-07-29,601485.813761
2022-08-01,593425.964908
2022-08-02,593983.574283
2022-08-03,585620.559312
2022-08-04,576018.189583
2022-08-05,583226.966486
2022-08-08,586576.760103
2022-08-09,595233.451678
2022-08-10,597363.719334
2022-08-11,605282.205843
2022-08-12,611654.166905
2022-08-15,608140.750232
2022-08-16,608032.724732
2022-08-17,611343.919318
2022-08-18,618745.676819
2022-08-19,621162.293677
2022-08-22,618721.545025
2022-08-23,625779.322346
2022-08-24,632447.415968
2022-08-25,635577.690228
2022-08-26,626088.373279
2022-08-29,628040.801106
2022-08-30,614654.685652
2022-08-31,609066.873202
2022-09-01,605404.053564
2022-09-02,606177.252011
2022-09-06,602487.869521
2022-09-07,607558.053773
2022-09-08,610388.400736
2022-09-09,616096.522249
2022-09-12,618804.558805
2022-09-13,603996.713298
2022-09-14,609028.389919
2022-09-15,603747.813374
2022-09-16,600395.006105
2022-09-19,603718.494986
2022-09-20,600402.797934
2022-09-21,593275.946614
2022-09-22,592660.652477
2022-09-23,575482.263652
2022-09-26,567428.103639
2022-09-27,569768.699010
2022-09-28,585803.346106
2022-09-29,578600.647598
2022-09-30,573031.566900
2022-10-03,591125.158529
2022-10-04,609751.384052
2022-10-05,612986.156067
2022-10-06,616063.261966
2022-10-07,613618.085628
2022-10-10,610007.694799
2022-10-11,606437.400723
2022-10-12,604470.699960
2022-10-13,621686.502163
2022-10-14,599496.269073
2022-10-17,607124.414812
2022-10-18,617428.212959
2022-10-19,626316.087388
2022-10-20,626925.880929
2022-10-21,643629.084227
2022-10-24,648035.054593
2022-10-25,651944.158324
2022-10-26,657880.599322
2022-10-27,658904.786721
2022-10-28,665825.315427
2022-10-31,667465.345713
2022-11-01,671878.787579
2022-11-02,660057.117073
2022-11-03,666733.798730
2022-11-04,670834.968308
2022-11-07,677932.891808
2022-11-08,681440.361531
2022-11-09,662201.591930
2022-11-10,671707.736587
2022-11-11,665967.887494
2022-11-14,666055.897812
2022-11-15,671187.153439
2022-11-16,664456.084605
2022-11-17,666867.753804
2022-11-18,667633.348583
2022-11-21,665264.397944
2022-11-22,679156.950587
2022-11-23,674437.187156
2022-11-25,675964.804455
2022-11-28,665241.996036
2022-11-29,670565.898353
2022-11-30,676838.732607
2022-12-01,670446.298155
2022-12-02,673026.336929
2022-12-05,658874.140891
2022-12-06,650943.860630
2022-12-07,651544.192937
2022-12-08,649865.732341
2022-12-09,639109.897452
2022-12-12,647513.810082
2022-12-13,645243.998974
2022-12-14,642523.241010
2022-12-15,635220.203575
2022-12-16,632304.384008
2022-12-19,628846.520500
2022-12-20,631961.798144
2022-12-21,640405.940236
2022-12-22,631389.549100
2022-12-23,639545.343753
2022-12-27,640156.456896
2022-12-28,630966.438648
2022-12-29,633142.898839
2022-12-30,633785.667810
2023-01-03,620389.770792
2023-01-04,623351.842507
2023-01-05,622903.597775
2023-01-06,636230.592340
2023-01-09,632954.182210
2023-01-10,638609.701331
2023-01-11,642502.758683
2023-01-12,648645.703057
2023-01-13,651535.391327
2023-01-17,649795.778680
2023-01-18,641242.280053
2023-01-19,638589.633094
2023-01-20,644755.037390
2023-01-23,648388.089170
2023-01-24,649998.765789
2023-01-25,652062.710151
2023-01-26,664214.402464
2023-01-27,659623.708744
2023-01-30,652022.367448
2023-01-31,657633.800324
2023-02-01,652885.697435
2023-02-02,640360.158302
2023-02-03,638067.340094
2023-02-06,638446.493697
2023-02-07,644431.825089
2023-02-08,643942.866115
2023-02-09,642930.734893
2023-02-10,653297.274660
2023-02-13,657753.144219
2023-02-14,656270.751562
2023-02-15,654812.695617
2023-02-16,649293.612587
2023-02-17,648535.271780
2023-02-21,643574.703480
2023-02-22,641074.797029
2023-02-23,643473.577092
2023-02-24,642075.779056
2023-02-27,644409.782793
2023-02-28,638479.766372
2023-03-01,643428.915831
2023-03-02,645668.333395
2023-03-03,655681.952787
2023-03-06,652024.414396
2023-03-07,644054.315782
2023-03-08,644841.845359
2023-03-09,631258.409743
2023-03-10,620211.649590
2023-03-13,609679.935790
2023-03-14,619668.509636
2023-03-15,600444.517895
2023-03-16,610458.104553
2023-03-17,599516.752359
2023-03-20,608469.295888
2023-03-21,617938.942586
2023-03-22,606885.808596
2023-03-23,606784.849416
2023-03-24,605594.847734
2023-03-27,610593.278012
2023-03-28,614445.927789
2023-03-29,623084.156499
2023-03-30,625606.820657
2023-03-31,634711.132617
2023-04-03,637629.214196
2023-04-04,624728.696949
2023-04-05,619242.939110
2023-04-06,618222.545934
2023-04-10,623868.165800
2023-04-11,625354.872996
2023-04-12,625818.888500
2023-04-13,630342.908588
2023-04-14,630150.876910
2023-04-17,634245.425568
2023-04-18,637356.961735
2023-04-19,635221.985966
2023-04-20,635638.637282
2023-04-21,637083.554064
2023-04-24,639900.829170
2023-04-25,630317.405758
2023-04-26,624469.626949
2023-04-27,632898.162650
2023-04-28,636153.140470
2023-05-01,638933.184962
2023-05-02,631358.332611
2023-05-03,624415.346588
2023-05-04,616653.732024
2023-05-05,625788.073704
2023-05-08,629306.023221
2023-05-09,629072.559542
2023-05-10,630112.368690
2023-05-11,627924.586942
2023-05-12,631795.553743
2023-05-15,632931.890283
2023-05-16,626793.612535
2023-05-17,634668.217128
2023-05-18,642385.215815
2023-05-19,639219.524596
2023-05-22,636326.718182
2023-05-23,623148.356123
2023-05-24,618797.379913
2023-05-25,627376.103390
2023-05-26,635234.707568
2023-05-30,634753.200562
2023-05-31,629641.429888
2023-06-01,636916.986661
2023-06-02,647903.370628
2023-06-05,647956.091081
2023-06-06,650551.685134
2023-06-07,648895.872806
2023-06-08,651331.584907
2023-06-09,653171.515924
2023-06-12,660114.076450
2023-06-13,666642.324393
2023-06-14,666513.965309
2023-06-15,672019.365978
2023-06-16,669138.728034
2023-06-20,668297.199012
2023-06-21,668415.295081
2023-06-22,669047.145947
2023-06-23,663959.848619
2023-06-26,662665.250634
2023-06-27,669610.759840
2023-06-28,670693.047062
2023-06-29,672647.928422
2023-06-30,680856.597703
2023-07-03,679254.993586
2023-07-05,675289.408108
2023-07-06,667498.734455
2023-07-07,667838.039140
2023-07-10,679362.204823
2023-07-11,680350.232997
2023-07-12,687977.613879
2023-07-13,693640.296789
2023-07-14,696314.149332
2023-07-17,702821.241563
2023-07-18,704415.236403
2023-07-19,698621.629766
2023-07-20,685975.749902
2023-07-21,685210.561988
2023-07-24,684084.221227
2023-07-25,691626.495936
2023-07-26,686749.618403
2023-07-27,688102.983631
2023-07-28,693571.511257
2023-07-31,694457.992907
2023-08-01,696002.701050
2023-08-02,682728.734629
2023-08-03,682137.030512
2023-08-04,682915.481320
2023-08-07,694429.816208
2023-08-08,688772.501417
2023-08-09,682028.131755
2023-08-10,680693.362055
2023-08-11,676505.413989
2023-08-14,682779.883521
2023-08-15,679133.907808
2023-08-16,669744.266054
2023-08-17,657769.608743
2023-08-18,660177.347466
2023-08-21,664976.745669
2023-08-22,664557.961720
2023-08-23,673954.201258
2023-08-24,660268.287911
2023-08-25,663641.832706
2023-08-28,668765.358296
2023-08-29,682501.960969
2023-08-30,686665.419136
2023-08-31,687137.646098
2023-09-01,688716.338158
2023-09-05,681504.061523
2023-09-06,681131.257873
2023-09-07,673320.194757
2023-09-08,670257.819843
2023-09-11,672800.344840
2023-09-12,661395.875042
2023-09-13,660329.884574
2023-09-14,667122.820982
2023-09-15,653909.992848
2023-09-18,655271.702658
2023-09-19,653509.172815
2023-09-20,646405.173321
2023-09-21,633928.154780
2023-09-22,635195.884191
2023-09-25,637430.046338
2023-09-26,629371.289842
2023-09-27,634175.616984
2023-09-28,642089.904611
2023-09-29,638638.042905
2023-10-02,637364.610352
2023-10-03,622926.931145
2023-10-04,633009.690762
2023-10-05,631196.362728
2023-10-06,641840.277391
2023-10-09,643674.910264
2023-10-10,648128.871894
2023-10-11,653266.723692
2023-10-12,648341.912992
2023-10-13,637886.015152
2023-10-16,643431.163585
2023-10-17,644417.290035
2023-10-18,630406.413051
2023-10-19,623726.822790
2023-10-20,614425.594152
2023-10-23,617615.214601
2023-10-24,620273.134532
2023-10-25,605328.497245
2023-10-26,595934.464159
2023-10-27,596862.274051
2023-10-30,603022.657994
2023-10-31,607058.629423
2023-11-01,617732.340723
2023-11-02,629157.075251
2023-11-03,638963.351791
2023-11-06,638361.341321
2023-11-07,644389.751327
2023-11-08,647781.771661
2023-11-09,640594.036529
2023-11-10,655366.842390
2023-11-13,656350.645745
2023-11-14,676153.675044
2023-11-15,675564.439707
2023-11-16,674630.934199
2023-11-17,677001.856336
2023-11-20,684609.864563
2023-11-21,680361.703049
2023-11-22,683147.959546
2023-11-24,683430.505678
2023-11-27,683821.475739
2023-11-28,683558.305700
2023-11-29,686946.019048
2023-11-30,688699.004695
2023-12-01,696010.411099
2023-12-04,688695.378906
2023-12-05,689374.275247
2023-12-06,682878.982917
2023-12-07,691136.504889
2023-12-08,697639.917389
2023-12-11,704545.481746
2023-12-12,710255.677019
2023-12-13,713906.831002
2023-12-14,707105.709148
2023-12-15,711720.819921
2023-12-18,718098.372922
2023-12-19,721058.109374
2023-12-20,709455.720406
2023-12-21,718592.436457
2023-12-22,717588.384181
2023-12-26,721200.487677
2023-12-27,722562.430080
2023-12-28,723039.737084
2023-12-29,721607.617612
2024-01-02,708511.351061
2024-01-03,703351.734873
2024-01-04,699694.484949
2024-01-05,702175.007580
2024-01-08,718506.364378
2024-01-09,720900.937226
2024-01-10,727620.290828
2024-01-11,731567.759184
2024-01-12,731929.629139
2024-01-16,734939.224058
2024-01-17,732008.740989
2024-01-18,741101.017018
2024-01-19,755784.025766
2024-01-22,760179.587420
2024-01-23,758618.926032
2024-01-24,764684.909369
2024-01-25,772125.271129
2024-01-26,763572.489707
2024-01-29,772928.659062
2024-01-30,769771.558180
2024-01-31,757303.498526
2024-02-01,768592.727560
2024-02-02,779307.631365
2024-02-05,776001.342994
2024-02-06,774551.837007
2024-02-07,782684.013861
2024-02-08,789158.167279
2024-02-09,790197.448972
2024-02-12,789155.485300
2024-02-13,777729.861544
2024-02-14,790117.047344
2024-02-15,793127.145319
2024-02-16,781948.615385
2024-02-20,774865.596788
2024-02-21,765235.074323
2024-02-22,786739.543445
2024-02-23,785592.351145
2024-02-26,788474.379727
2024-02-27,800108.140669
2024-02-28,800014.298526
2024-02-29,811576.237977
2024-03-01,825429.155345
2024-03-04,829925.743009
2024-03-05,820280.571822
2024-03-06,825702.323057
2024-03-07,833782.832762
2024-03-08,822521.539099
2024-03-11,812594.306924
2024-03-12,826445.129734
2024-03-13,821501.645685
2024-03-14,812426.662186
2024-03-15,799576.557862
2024-03-18,805599.026795
2024-03-19,809551.395675
2024-03-20,822351.737421
2024-03-21,830541.904047
2024-03-22,831268.493517
2024-03-25,831013.417918
2024-03-26,830406.938653
2024-03-27,832477.126296
2024-03-28,830750.574583
2024-04-01,832055.765848
2024-04-02,823882.013865
2024-04-03,829872.549911
2024-04-04,817396.258740
2024-04-05,831251.960106
2024-04-08,827438.900121
2024-04-09,818696.315966
2024-04-10,810276.189453
2024-04-11,818820.228849
2024-04-12,805628.621847
2024-04-15,796032.945572
2024-04-16,798688.372473
2024-04-17,789860.475089
2024-04-18,783818.151902
2024-04-19,763164.166950
2024-04-22,770070.132509
2024-04-23,787789.440533
2024-04-24,787306.398680
2024-04-25,786483.809609
2024-04-26,792839.981173
2024-04-29,796367.339845
2024-04-30,783906.363656
2024-05-01,776309.657573
2024-05-02,783954.007459
2024-05-03,793502.253643
2024-05-06,809942.771833
2024-05-07,804766.663277
2024-05-08,808275.550269
2024-05-09,814008.810516
2024-05-10,816692.202528
2024-05-13,809888.529107
2024-05-14,817305.765084
2024-05-15,834194.747960
2024-05-16,824872.227894
2024-05-17,823709.908103
2024-05-20,826990.776575
2024-05-21,826126.436286
2024-05-22,821261.823384
2024-05-23,818663.303469
2024-05-24,834788.370112
2024-05-28,839767.201207
2024-05-29,829114.410565
2024-05-30,827945.400127
2024-05-31,827852.396525
2024-06-03,819375.076388
2024-06-04,814782.948080
2024-06-05,830420.411790
2024-06-06,821273.979096
2024-06-07,821146.820504
2024-06-10,830124.585745
2024-06-11,828934.847223
2024-06-12,835957.860898
2024-06-13,844679.501289
2024-06-14,838283.173373
2024-06-17,849529.806911
2024-06-18,858543.048808
2024-06-20,852189.221062
2024-06-21,845465.254438
2024-06-24,842565.430199
2024-06-25,846715.215000
2024-06-26,839496.760787
2024-06-27,841075.399416
2024-06-28,836923.627770
2024-07-01,836442.314195
2024-07-02,840809.044218
2024-07-03,850705.243185
2024-07-05,850617.616539
2024-07-08,858679.213768
2024-07-09,858502.034457
2024-07-10,864822.199745
2024-07-11,855142.974128
2024-07-12,857727.566674
2024-07-15,851810.807372
2024-07-16,854317.292163
2024-07-17,816008.386308
2024-07-18,816276.659739
2024-07-19,808732.457059
2024-07-22,821844.624677
2024-07-23,825153.831460
2024-07-24,793771.552311
2024-07-25,783209.784435
2024-07-26,797075.683447
2024-07-29,795537.417059
2024-07-30,786752.250752
2024-07-31,815489.531546
2024-08-01,793472.381847
2024-08-02,765586.104137
2024-08-05,755663.945225
2024-08-06,772686.326215
2024-08-07,758543.836193
2024-08-08,793177.920546
2024-08-09,799245.774852
2024-08-12,802165.789153
2024-08-13,820789.272047
2024-08-14,824530.510301
2024-08-15,846313.910510
2024-08-16,842987.722788
2024-08-19,851211.526559
2024-08-20,846316.664488
2024-08-21,855798.570113
2024-08-22,843179.897507
2024-08-23,853345.342601
2024-08-26,840617.733068
2024-08-27,846004.217188
2024-08-28,833088.108785
2024-08-29,831748.816729
2024-08-30,843098.967755
2024-09-03,799475.060982
2024-09-04,798930.386641
2024-09-05,793009.255528
2024-09-06,776230.186469
2024-09-09,789702.754355
2024-09-10,789472.648196
2024-09-11,803260.087167
2024-09-12,810518.202496
2024-09-13,822118.494942
2024-09-16,825213.723475
2024-09-17,827747.629879
2024-09-18,827213.202136
2024-09-19,844931.752779
2024-09-20,850837.036125
2024-09-23,855950.075742
2024-09-24,857828.784912
2024-09-25,857589.210508
2024-09-26,858696.223102
2024-09-27,858537.231962
2024-09-30,862118.732480
2024-10-01,854253.441223
2024-10-02,860761.115306
2024-10-03,861856.927453
2024-10-04,872805.848857
2024-10-07,868504.483432
2024-10-08,875795.255460
2024-10-09,885189.191368
2024-10-10,881407.108874
2024-10-11,892343.437157
2024-10-14,899222.217796
2024-10-15,890541.812136
2024-10-16,899429.406624
2024-10-17,897606.179450
2024-10-18,898122.974168
2024-10-21,894266.764261
2024-10-22,891445.264687
2024-10-23,887479.779192
2024-10-24,887152.798865
2024-10-25,881091.012746
2024-10-28,885254.747682
2024-10-29,886501.435373
2024-10-30,881726.707080
2024-10-31,866519.595188
2024-11-01,861279.602335
2024-11-04,856918.684984
2024-11-05,879600.905825
2024-11-06,900875.028676
2024-11-07,910227.604164
2024-11-08,929127.373102
2024-11-11,932995.462102
2024-11-12,925607.234362
2024-11-13,924442.229305
2024-11-14,910570.291430
2024-11-15,908740.130922
2024-11-18,909307.382506
2024-11-19,918156.620207
2024-11-20,920437.903235
2024-11-21,935714.815610
2024-11-22,939964.495557
2024-11-25,933911.458280
2024-11-26,950383.517694
2024-11-27,937664.850798
2024-11-29,946829.136471
2024-12-02,937323.941260
2024-12-03,940809.983507
2024-12-04,945169.995983
2024-12-05,944926.087563
2024-12-06,947691.735666
2024-12-09,924815.926907
2024-12-10,911612.156826
2024-12-11,919808.070983
2024-12-12,916025.355119
2024-12-13,922819.271488
2024-12-16,927584.879367
2024-12-17,916246.567805
2024-12-18,884805.793444
2024-12-19,888038.358420
2024-12-20,903825.551986
2024-12-23,909082.924520
2024-12-24,919171.381401
2024-12-26,918485.425401
2024-12-27,906864.491813
2024-12-30,899398.098350
2024-12-31,894640.941665
2025-01-02,902510.894430
2025-01-03,917948.199940
2025-01-06,917103.569920
2025-01-07,908029.446233
2025-01-08,914711.742480
2025-01-10,906918.829516
2025-01-13,907521.024960
2025-01-14,921896.689361
2025-01-15,935680.560031
2025-01-16,941945.287803
2025-01-17,949860.289724
2025-01-21,966882.404843
2025-01-22,965045.809612
2025-01-23,967797.314192
2025-01-24,966416.933874
2025-01-27,930018.615573
2025-01-28,945057.790791
2025-01-29,946877.678095
2025-01-30,963795.551659
2025-01-31,953633.191422
2025-02-03,949546.901119
2025-02-04,958754.325127
2025-02-05,970104.894431
2025-02-06,973574.429209
2025-02-07,967241.126495
2025-02-10,971320.266006
2025-02-11,960054.348222
2025-02-12,958535.767946
2025-02-13,965968.404190
2025-02-14,968934.005205
2025-02-18,976699.389057
2025-02-19,968487.627942
2025-02-20,949488.551118
2025-02-21,920931.455360
2025-02-24,910247.570702
2025-02-25,901860.766486
2025-02-26,917225.430430
2025-02-27,897553.603699
2025-02-28,916356.590043
2025-03-03,893969.476934
2025-03-04,874508.090550
2025-03-05,885861.878326
2025-03-06,849377.149139
2025-03-07,850454.330321
2025-03-10,816018.924930
2025-03-11,823331.485418
2025-03-12,836095.015179
2025-03-13,817332.779198
2025-03-14,842351.910573
2025-03-17,853886.519357
2025-03-18,840052.441022
2025-03-19,860151.295185
2025-03-20,857564.704359
2025-03-21,857912.817728
2025-03-24,883115.833019
2025-03-25,884476.386274
2025-03-26,866890.273835
2025-03-27,855557.929338
2025-03-28,838594.442255
2025-03-31,842399.764283
2025-04-01,849638.484081
2025-04-02,862533.908529
2025-04-03,811441.008834
2025-04-04,762614.026435
2025-04-07,766534.668976
2025-04-08,755806.522328
2025-04-09,826944.763928
2025-04-10,796999.371746
2025-04-11,806160.320456
2025-04-14,814648.957427
2025-04-15,822570.003844
2025-04-16,811493.982553
2025-04-17,814238.802436
2025-04-21,795667.777531
2025-04-22,818550.359512
2025-04-23,834345.132493
2025-04-24,849148.833568
2025-04-25,850778.881691
2025-04-28,856184.936837
2025-04-29,859694.728254
2025-04-30,860240.083278
2025-05-01,860645.941359
2025-05-02,878126.018685
2025-05-05,877577.727979
2025-05-06,867547.925265
2025-05-07,872635.192562
2025-05-08,875101.302984
2025-05-09,876593.437553
2025-05-12,891382.780779
2025-05-13,901973.188148
2025-05-14,895948.783180
2025-05-15,902896.471239
2025-05-16,911086.269809
2025-05-19,914897.841354
2025-05-20,914717.587458
2025-05-21,899539.078265
2025-05-22,896359.998426
2025-05-23,898889.462948
2025-05-27,911597.959824
2025-05-28,910738.947710
2025-05-29,906607.626564
2025-05-30,911308.397028
2025-06-02,917679.470224
2025-06-03,921252.437350
2025-06-04,916440.197349
2025-06-05,917184.588702
2025-06-06,925279.920391
2025-06-09,917353.631008
2025-06-10,910283.980645
2025-06-11,914371.748566
2025-06-12,918183.017314
2025-06-13,914525.137068
2025-06-16,925734.529894
2025-06-17,922968.191919
2025-06-18,926363.677156
2025-06-20,928467.071465
2025-06-23,937758.336300
2025-06-24,944779.350792
2025-06-25,936728.355523
2025-06-26,946333.830275
2025-06-27,952705.737803
2025-06-30,960094.933199
2025-07-01,940763.260785
2025-07-02,943211.505614
2025-07-03,954151.675303
2025-07-07,957453.607028
2025-07-08,948523.822965
2025-07-09,955735.277002
2025-07-10,955304.243274
2025-07-11,951537.252757
2025-07-14,964948.200761
2025-07-15,957829.790928
2025-07-16,958775.505988
2025-07-17,962724.744402
2025-07-18,968874.927293
2025-07-21,963239.973789
2025-07-22,956821.429077
2025-07-23,969642.891499
2025-07-24,964937.343367
2025-07-25,974444.421868
2025-07-28,976066.262254
2025-07-29,967583.589477
2025-07-30,977551.947334
2025-07-31,968845.666706
2025-08-01,959719.775600
2025-08-04,974523.926847
2025-08-05,973704.104612
2025-08-06,971153.838728
2025-08-07,966743.175248
2025-08-08,967054.388980
2025-08-11,968954.250487
2025-08-12,981565.317142
2025-08-13,979424.105901
2025-08-14,971490.249936
2025-08-15,967173.696755
2025-08-18,969465.002804
2025-08-19,955078.660499
2025-08-20,956164.335438
2025-08-21,954293.354357
2025-08-22,965134.680875
2025-08-25,961409.391762
2025-08-26,972610.830458
2025-08-27,973257.550954
2025-08-28,982991.622971
2025-08-29,971771.735476
2025-09-02,968344.071519
2025-09-03,970875.700627
2025-09-04,982748.396171
2025-09-05,982030.715563
2025-09-08,989994.442994
2025-09-09,996196.896537
2025-09-10,1009003.000805
2025-09-11,1030479.528070
2025-09-12,1034212.294163
2025-09-15,1046117.821790
2025-09-16,1039932.463137
2025-09-17,1035377.138585
2025-09-18,1056486.813144
2025-09-19,1062685.001350
2025-09-22,1070313.424675
2025-09-23,1067209.078927
2025-09-24,1054671.860031
2025-09-25,1042285.419387
2025-09-26,1048138.867767
2025-09-29,1052880.115332
2025-09-30,1058964.981757
2025-10-01,1064756.092413
2025-10-02,1070133.441384
2025-10-03,1064175.518820
2025-10-06,1061365.445270
2025-10-07,1055443.939823
2025-10-08,1065758.797384
2025-10-09,1055642.684568
2025-10-10,1023737.827534
2025-10-13,1052704.116082
2025-10-14,1053668.966018
2025-10-15,1063967.524266
2025-10-16,1061945.599650
2025-10-17,1057929.487446
2025-10-20,1064006.504310
2025-10-21,1059492.420952
2025-10-22,1048742.126154
2025-10-23,1069178.617900
2025-10-24,1077278.719370
2025-10-27,1087944.594315
2025-10-28,1079796.057079
2025-10-29,1091446.203988
2025-10-30,1078825.060216
2025-10-31,1079572.588133
2025-11-03,1088630.133985
2025-11-04,1054600.636316
2025-11-05,1071882.690920
2025-11-06,1048110.010974
2025-11-07,1055865.198606
2025-11-10,1079703.932463
2025-11-11,1067705.710786
2025-11-12,1062568.839898
2025-11-13,1025532.530820
2025-11-14,1029219.850387
2025-11-17,1019273.741156
2025-11-18,1011508.585914
2025-11-19,1019608.327366
2025-11-20,975960.020571
2025-11-21,981331.760346
2025-11-24,1007509.790306
2025-11-25,1014610.861558
2025-11-26,1036026.055896
2025-11-28,1047920.933840
2025-12-01,1040715.137786
2025-12-02,1049038.072671
2025-12-03,1052821.666872
2025-12-04,1062545.441359
2025-12-05,1067957.150642
2025-12-08,1079338.444225
2025-12-09,1084978.848939
2025-12-10,1103761.571047
2025-12-11,1101770.719437
2025-12-12,1064716.875747
2025-12-15,1061130.005582
2025-12-16,1061229.283193
2025-12-17,1028303.691827
2025-12-18,1049728.434230
2025-12-19,1075755.696965
2025-12-22,1086937.560634
2025-12-23,1088953.897272
2025-12-24,1094157.661298
2025-12-26,1092197.383090
2025-12-29,1083565.262802
2025-12-30,1079219.497005
2025-12-31,1066317.754883
2026-01-02,1092089.581458
2026-01-05,1104858.838540
2026-01-06,1138518.754557
2026-01-07,1122709.508375
2026-01-08,1101008.137135
2026-01-09,1130095.275660
2026-01-12,1149816.440731
2026-01-13,1166044.362548
2026-01-14,1159129.708316
2026-01-15,1172170.255733
2026-01-16,1174163.606320
2026-01-20,1170748.717253
2026-01-21,1198947.768629
2026-01-22,1199370.087665
2026-01-23,1187032.887044
2026-01-26,1191670.651719
2026-01-27,1222104.018160
2026-01-28,1241293.904295
2026-01-29,1241081.001347
2026-01-30,1202941.439530
2026-02-02,1231804.814338
2026-02-03,1241300.374742
2026-02-04,1182240.527921
2026-02-05,1167056.947841
2026-02-06,1221218.547021
2026-02-09,1244301.702491
2026-02-10,1229765.707780
2026-02-11,1246143.768227
2026-02-12,1220147.233251
2026-02-13,1237622.845600
2026-02-17,1235200.316296
2026-02-18,1250770.526047
2026-02-19,1245299.498329
2026-02-20,1263130.352374
2026-02-23,1249381.895140
2026-02-24,1265999.738845
2026-02-25,1287140.798254
2026-02-26,1272404.650590
2026-02-27,1258692.664068
2026-03-02,1255337.673782
2026-03-03,1212867.818927
2026-03-04,1238509.213352
2026-03-05,1218496.545739
2026-03-06,1177755.487455
2026-03-09,1214474.963001
2026-03-10,1218471.709397
2026-03-11,1217437.937989
2026-03-12,1182323.915125
2026-03-13,1184818.747396
2026-03-16,1203102.928412
2026-03-17,1215201.332687
2026-03-18,1205680.636501
2026-03-19,1214225.345284
2026-03-20,1183481.393436
2026-03-23,1201070.270825
2026-03-24,1208838.493880
2026-03-25,1222178.524913
2026-03-26,1162854.537486
2026-03-27,1153707.301420
2026-03-30,1120163.668854
2026-03-31,1176764.889943
2026-04-01,1207452.835373
2026-04-02,1211436.116017
2026-04-06,1215927.377330
2026-04-07,1225207.036538
2026-04-08,1287929.438182
2026-04-09,1300705.534956
2026-04-10,1307031.693065
2026-04-13,1318526.755615
2026-04-14,1331373.440383
2026-04-15,1318619.899157
2026-04-16,1335897.242789
2026-04-17,1351011.482631
2026-04-20,1348767.559114
2026-04-21,1349827.658103
2026-04-22,1361235.326024
2026-04-23,1371647.801308
2026-04-24,1393500.993817
2026-04-27,1389747.609604
2026-04-28,1355476.061492
2026-04-29,1370679.220177
2026-04-30,1415293.191283
2026-05-01,1418708.410343
2026-05-04,1423775.248522
2026-05-05,1455970.834637
2026-05-06,1470596.287546
2026-05-07,1434099.732889
2026-05-08,1469872.991179
2026-05-11,1514009.523343
2026-05-12,1497694.038165
2026-05-13,1502872.887109
2026-05-14,1496777.339783
2026-05-15,1469710.611080
2026-05-18,1444770.382647
2026-05-19,1438425.831499
2026-05-20,1454272.983525
2026-05-21,1465558.625278
2026-05-22,1474109.871539
2026-05-26,1503082.507690
2026-05-27,1492033.794248
2026-05-28,1487239.194646
2026-05-29,1483139.381015
2026-06-01,1491974.576244
2026-06-02,1535779.844582
2026-06-03,1552061.924564
2026-06-04,1541625.283769
2026-06-05,1452570.832472
2026-06-08,1491382.352179
2026-06-09,1472937.089648
2026-06-10,1439325.863391
2026-06-11,1506003.385212
2026-06-12,1538914.392984
2026-06-15,1576963.505143
2026-06-16,1539261.020893
2026-06-17,1542324.538066
2026-06-18,1577579.932359
2026-06-22,1615174.364392
2026-06-23,1536415.914088
2026-06-24,1532893.124256
2026-06-25,1591295.527487
2026-06-26,1528207.264402
2026-06-29,1581767.652091
2026-06-30,1613330.372162
2026-07-01,1539726.143331
2026-07-02,1476935.429207
2026-07-06,1495393.527426
2026-07-07,1450446.914712
2026-07-08,1467107.585602
2026-07-09,1496718.411571
2026-07-10,1484232.615794
2026-07-13,1451944.429860
2026-07-14,1479497.055755
2026-07-15,1449105.361934
2026-07-16,1401335.690575
2026-07-17,1394405.206731
2026-07-20,1392767.035673
2026-07-21,1439395.312830
2026-07-22,1438702.648975
2026-07-23,1427562.331378
2026-07-24,1387806.589681
2026-07-27,1370643.984975
2026-07-28,1324605.166494
2026-07-29,1281173.210256
